행정구,법정동,업종,시설명,도로명주소,위도,경도
종로구,경운동,노인기타복지시설,어르신상담센터,서울특별시 종로구 삼일대로 467 (경운동),,
관악구,봉천동,노인기타복지시설,관악시니어클럽,서울특별시 관악구 남부순환로247다길 60 (봉천동),,
중랑구,면목동,노인기타복지시설,중랑리베데이케어센터,서울특별시 중랑구 동일로 608 503호 (면목동),,
관악구,신림동,노인기타복지시설,굿피플데이케어센터,서울특별시 관악구 난곡로 299 4층 (신림동),,
영등포구,대림동,노인기타복지시설,새생명노인복지센터,서울특별시 영등포구 대림로35나길 20-1 (대림동 1층),,
종로구,교남동,노인기타복지시설,영락노인복지센터,서울특별시 종로구 통일로 156 (교남동),,
동대문구,장안동,노인기타복지시설,장안종합사회복지관 재가장기요양센터,서울특별시 동대문구 한천로18길 48 장안종합사회복지관 2층,,
서대문구,연희동,노인기타복지시설,백운재가노인복지지원센터,서울특별시 서대문구 연희로156 203호,,
강서구,등촌동,노인기타복지시설,강서구치매지원센터,서울특별시 강서구 화곡로 371 경향교회회관 3층 ,,
강남구,역삼동,노인기타복지시설,역삼재가노인복지센터,서울특별시 강남구 언주로70길 18 지하1층 (역삼동),,
성북구,상월곡동,노인여가복지시설,성북구립 상월곡실버복지센터,서울특별시 성북구 화랑로18길 6 (상월곡동),,
서초구,양재동,노인여가복지시설,서초구립양재노인종합복지관,서울특별시 서초구 강남대로30길 73-7양재노인종합복지관 (양재동),,
강서구,화곡동,노인여가복지시설,강서구립봉제산노인복지센터,서울특별시 강서구 초록마을로15길 12,,
중랑구,면목동,노인여가복지시설,시립중랑노인종합복지관,서울특별시 중랑구 겸재로9길 45(면목동),,
강남구,삼성동,노인여가복지시설,강남구립강남노인종합복지관,서울특별시 강남구 삼성로 628강남노인종합복지관 (삼성동),,
강북구,수유동,노인여가복지시설,강북노인종합복지관,서울특별시 강북구 삼양로92길 40-0강북노인종합복지관,,
서대문구,북가좌동,노인여가복지시설,북가좌2동노인복지센터,서울특별시 서대문구 증가로20길 43북가좌2동노인복지센터,,
양천구,신정동,노인여가복지시설,양천어르신종합복지관,서울특별시 양천구 목동로3길 106서울특별시 양천구 목동로3길106 (신정동),,
서대문구,연희동,노인여가복지시설,연희노인여가복지시설,서울특별시 서대문구 홍제천로2길 111연희노인여가복지시설,,
은평구,진관동,노인여가복지시설,시립은평노인종합복지관,서울특별시 은평구 연서로 415,,
도봉구,도봉동,노인여가복지시설,도봉동어르신복지관,서울특별시 도봉구 도봉로 169가길 52,,
은평구,역촌동,노인여가복지시설,구립역촌노인복지관,서울특별시 은평구 연서로3나길 11-30역촌노인복지관,,
은평구,갈현동,노인여가복지시설,구립갈현노인복지관,서울특별시 은평구 통일로89길 12-6갈현노인복지관,,
중구,신당동,노인여가복지시설,약수노인복지관,서울특별시 중구 다산로6길 11,,
송파구,삼전동,노인여가복지시설,송파노인종합복지관,서울특별시 송파구 백제고분로32길 41,,
동작구,대방동,노인여가복지시설,동작노인종합복지관,서울특별시 동작구 상도로11길 7(대방동),,
성북구,장위동,노인여가복지시설,성북구립 장위실버복지센터,서울특별시 성북구 한천로 708,,
중랑구,중화동,노인여가복지시설,구립중화경로복지관,서울특별시 중랑구 동일로138길 28 (중화동),,
성북구,종암동,노인여가복지시설,시립성북노인종합복지관,서울특별시 성북구 종암로15길 10(종암동),,
노원구,하계동,노인여가복지시설,시립노원노인종합복지관,서울특별시 노원구 노원로16길 15호(하계동),,
용산구,한남동,노인여가복지시설,시립용산노인종합복지관,서울특별시 용산구 독서당로11길16 (한남동),,
강서구,등촌동,노인여가복지시설,서울시립강서노인종합복지관,서울특별시 강서구 화곡로61길 85,,
관악구,봉천동,노인여가복지시설,관악노인종합복지관,서울특별시 관악구 보라매로 35(봉천동),,
종로구,경운동,노인여가복지시설,서울노인복지센터,서울특별시 종로구 삼일대로 467(경운동),,
서대문구,천연동,노인여가복지시설,서대문노인종합복지관,서울특별시 서대문구 독립문로8길 57(천연동),,
도봉구,창동,노인여가복지시설,창동어르신복지관,서울특별시 도봉구 덕릉로60차길 6,,
중랑구,신내동,노인여가복지시설,구립신내노인종합복지관,서울특별시 중랑구 신내로15길 175(신내동),,
도봉구,쌍문동,노인여가복지시설,쌍문동어르신복지관,서울특별시 도봉구 우이천로 363,,
동대문구,청량리동,노인여가복지시설,서울시립동대문노인종합복지관,서울특별시 동대문구 제기로33길 25-0(청량리동),,
도봉구,방학동,노인여가복지시설,방학동어르신복지관,서울특별시 도봉구 시루봉로 15라길 59-9 (방학동),,
종로구,이화동,노인여가복지시설,종로노인종합복지관,서울특별시 종로구 율곡로19길 17-8(이화동),,
성동구,마장동,노인여가복지시설,성동노인종합복지관,서울특별시 성동구 마조로 77 (마장동),,
영등포구,문래동3가,노인여가복지시설,구립영등포노인종합복지관,서울특별시 영등포구 도림로 482,,
용산구,서계동,노인여가복지시설,청파노인복지센터,서울특별시 용산구 청파로83길 26서계동 (서계동),,
강남구,역삼동,노인여가복지시설,역삼노인복지센터,서울특별시 강남구 도곡로27길 27,,
서초구,서초동,노인여가복지시설,서초구립중앙노인종합복지관,서울특별시 서초구 서초대로54길 45,,
강동구,천호동,노인여가복지시설,강동구립해공노인복지관,서울특별시 강동구 천중로17길 42-16,,
은평구,신사동,노인여가복지시설,구립신사노인복지관,서울특별시 은평구 증산로15길 47,,
도봉구,쌍문동,노인여가복지시설,도봉노인종합복지관,서울특별시 도봉구 도당로2길 12-13,,
강동구,고덕동,노인여가복지시설,성가정노인종합복지관,서울특별시 강동구 양재대로156길 28,,
마포구,아현동,노인여가복지시설,아현실버복지관,서울특별시 마포구 환일길 3 (아현동),,
금천구,시흥동,노인여가복지시설,금천노인종합복지관,서울특별시 금천구 시흥대로51길 93-32,,
마포구,창전동,노인여가복지시설,마포노인종합복지관,서울특별시 마포구 서강로 68(창전동),,
광진구,군자동,노인여가복지시설,광진노인종합복지관,서울특별시 광진구 군자로 88(군자동),,
강남구,대치동,노인여가복지시설,강남구립대치노인복지센터,서울특별시 강남구 역삼로69길 22,,
강남구,역삼동,노인여가복지시설,강남구립강남시니어플라자,서울특별시 강남구 봉은사로 332,,
금천구,독산동,노인여가복지시설,금천호암노인종합복지관,서울특별시 금천구 독산로72길 86-5,,
마포구,노고산동,노인여가복지시설,우리마포복지관,서울특별시 마포구 신촌로26길 10,,
송파구,송파동,노인여가복지시설,송파실벗뜨락,서울특별시 송파구 백제고분로42길 5,,
구로구,온수동,노인여가복지시설,온수어르신복지관,서울특별시 구로구 부일로9길 111,,
노원구,공릉동,노인여가복지시설,공릉어르신복지센터,서울특별시 노원구 공릉로 129,,
강서구,화곡동,노인여가복지시설,강서구립곰달래어르신복지센터,서울특별시 강서구 강서로5길 50 (화곡동),,
구로구,구로동,노인여가복지시설,구로노인종합복지관,서울특별시 구로구 새말로16길 7(구로동),,
성동구,상왕십리동,노인여가복지시설,왕십리도선동노인복지센터,서울특별시 성동구 마장로141 (상왕십리동),,
강동구,서울동,노인여가복지시설,서울특별시립강동노인종합복지관,서울특별시 강동구 동남로71길 32-5(명일동),,
송파구,장지동,노인여가복지시설,송파복지센터,서울특별시 송파구 충민로 184,,
은평구,응암동,노인여가복지시설,구립응암노인복지관,서울특별시 은평구 응암로21가길 5-1,,
강남구,논현동,노인여가복지시설,강남구립논현노인종합복지관,서울특별시 강남구 강남대로128길 59,,
은평구,불광동,노인여가복지시설,구립불광노인복지관,서울특별시 은평구 연서로32길 17-11,,
강서구,화곡동,노인여가복지시설,강서구립화곡노인복지센터,서울특별시 강서구 월정로30길 96,,
강서구,화곡동,노인여가복지시설,강서구립연지노인복지센터,서울특별시 강서구 화곡로58길 30-7,,
중구,신당동,노인여가복지시설,청구노인복지센터(분관),서울특별시 중구 청구로3길 69 (신당동),,
금천구,독산동,노인여가복지시설,금천한내어르신복지센터,서울특별시 금천구 한내로 69-15 (독산동 주공13단지아파트),,
금천구,독산동,노인여가복지시설,반석노인교실,서울특별시 금천구 독산로78길 20 (독산동),,
금천구,독산동,노인여가복지시설,성가정시니어아카데미,서울특별시 금천구 두산로5길 19독산1동성당 (독산동),,
금천구,시흥동,노인여가복지시설,시흥노인교실,서울특별시 금천구 금하로23다길 8 (시흥동),,
금천구,독산동,노인여가복지시설,신일노인교실,서울특별시 금천구 시흥대로90길 25신일교회 (독산동),,
금천구,시흥동,노인여가복지시설,제일노인교실,서울특별시 금천구 탑골로2길 56제일교회 (시흥동),,
금천구,시흥동,노인여가복지시설,행복시니어아카데미,서울특별시 금천구 독산로38길 10시흥4동성당 (시흥동),,
금천구,독산동,노인여가복지시설,금천어르신복지센터,서울특별시 금천구 범안로17길 22 (독산동),,
금천구,시흥동,노인여가복지시설,시흥중앙교회 시니어아카데미,서울특별시 금천구 시흥대로72길 13 (시흥동),,
중랑구,면목동,노인여가복지시설,구립용마경로복지센터,서울특별시 중랑구 용마산로94길 98 (면목동),,
서대문구,홍제동,노인여가복지시설,인왕어르신복지센터,서울특별시 서대문구 통일로26길12-5 (홍제동),,
마포구,용강동,노인여가복지시설,용강노인복지관,서울특별시 마포구 토정로31길 31 (용강동),,
양천구,목동,노인여가복지시설,목동실버복지문화센터,서울특별시 양천구 목동중앙로3길 21,,
동작구,사당동,노인여가복지시설,사당어르신종합복지관,서울특별시 동작구 남부순환로 2081 (사당동),,
영등포구,영등포동,노인여가복지시설,구립영등포어르신복지센터,서울특별시 영등포구 도영로22길 36-0 4층해광빌딩,,
영등포구,여의도동,노인여가복지시설,영등포50플러스센터,서울특별시 영등포구 여의대방로 372여의도복지관 3층 ,,
영등포구,여의도동,노인여가복지시설,구립여의도어르신복지센터,서울특별시 영등포구 여의대방로 372 (여의도동),,
강남구,신사동,노인여가복지시설,압구정노인복지센터,서울특별시 강남구 도산대로53길5 (신사동),,
노원구,상계동,노인여가복지시설,노원50플러스센터,서울특별시 노원구 노원로30길73 (상계동),,
성동구,사근동,노인여가복지시설,성동구립 사근동노인복지센터,서울특별시 성동구 사근동길 37 2층 (사근동),,
양천구,신월동,노인여가복지시설,밝은내어르신복지센터,서울특별시 양천구 신월로24길 19 (신월동 신월종합사회복지관 2층),,
은평구,구립동,노인여가복지시설,구립대조노인복지관,서울특별시 은평구 역말로9길 27(대조동),,
중랑구,신내동,노인여가복지시설,구립신내경로복지센터,서울특별시 중랑구 망우로65길 20-0 (신내동)20 (신내동),,
노원구,월계동,노인여가복지시설,월계어르신복지센터,서울특별시 노원구 월계로42길 9,,
성북구,석관동,노인여가복지시설,성북구립 석관실버복지센터,서울특별시 성북구 화랑로32길 88 (석관동),,
성북구,정릉동,노인여가복지시설,성북구립 정릉실버복지센터,서울특별시 성북구 솔샘로 8 (정릉동),,
성북구,보문동5가,노인여가복지시설,성북50플러스센터,서울특별시 성북구 지봉로24길 26 (보문동5가),,
서초구,염곡동,노인여가복지시설,서초구립느티나무쉼터,서울특별시 서초구 염곡말길 9 (염곡동 느티나무쉼터),,
성동구,성수동1가,노인여가복지시설,성수1가2동노인복지센터,서울특별시 성동구 왕십리로5길 6층 (성수동1가 성수1가2동 공공복합청사),,
성북구,삼선동5가,노인여가복지시설,성북구립 삼선실버복지센터,서울특별시 성북구 삼선교로18길 41 (삼선동5가),,
동작구,상도1동,노인여가복지시설,상도은빛어르신복지관,서울특별시 동작구 매봉로 36 (상도1동),,
강남구,도곡동,노인여가복지시설,강남70플러스라운지,서울특별시 강남구 남부순환로378길 20,,
양천구,신월동,노인여가복지시설,서서울어르신복지관,서울특별시 양천구 가로공원로60가길16 (신월동),,
금천구,독산동,노인여가복지시설,금천어르신복지센터,서울특별시 금천구 범안로17길 22 (독산동),,
서초구,방배동,노인여가복지시설,서초구립방배노인종합복지관,서울특별시 서초구 방배천로 48,,
중랑구,신내동,노인의료복지시설,서울꽃동네신내노인요양원,서울특별시 중랑구 신내로 194 ,,
종로구,구기동,노인의료복지시설,청운노인요양원,서울특별시 종로구 비봉길 76 (구기동),,
강서구,화곡동,노인의료복지시설,천사노인요양원,서울특별시 강서구 강서로45다길 30-22,,
금천구,시흥동,노인의료복지시설,노인요양센터 인영실버,서울특별시 금천구 금하로 596-0 ,,
관악구,봉천동,노인의료복지시설,동명노인복지센타,서울특별시 관악구 봉천로23라길 15(봉천동),,
노원구,상계동,노인의료복지시설,영기노인요양원,서울특별시 노원구 동일로248길 30 (상계동),,
동대문구,장안동,노인의료복지시설,은천노인요양센터,서울특별시 동대문구 장한로27가길 66 (장안동),,
동작구,본동,노인의료복지시설,동작실버센터,서울특별시 동작구 노량진로32길 53 (본동),,
서초구,서초동,노인의료복지시설,구립서초노인요양센터,서울특별시 서초구 남부순환로340길 21 (서초동 380-4),,
서초구,서초동,노인의료복지시설,구립서초노인요양센터,서울특별시 서초구 남부순환로340길21,,
용산구,산천동,노인의료복지시설,사랑의집,서울특별시 용산구 효창원로15길 24(산천동),,
동작구,상도동,노인의료복지시설,청운노인복지센터,서울특별시 동작구 국사봉1길 145(상도동),,
양천구,목동,노인의료복지시설,두엄자리,서울특별시 양천구 목동중앙남로16다길 6-13 (목동),,
종로구,청운동,노인의료복지시설,청운실버센터,서울특별시 종로구 자하문로28길 29 (청운동),,
노원구,중계동,노인의료복지시설,시립중계노인전문요양원,서울특별시 노원구 섬밭로 313 (중계동),,
마포구,성산동,노인의료복지시설,시립서부노인전문요양센터,서울특별시 마포구 월드컵로36길 15 (성산동),,
서대문구,합동,노인의료복지시설,중앙소규모요양시설,서울특별시 서대문구 서소문로 43-49 (합동),,
금천구,독산동,노인의료복지시설,남부실버요양원,서울특별시 금천구 범안로12가길 59,,
양천구,신정동,노인의료복지시설,어르신이행복한세상요양센터01호,서울특별시 양천구 신월로 338원빌딩 2층,,
동대문구,장안동,노인의료복지시설,한사랑실버케어요양원,서울특별시 동대문구 장한로28길 56 (장안동),,
은평구,녹번동,노인의료복지시설,자비의집,서울특별시 은평구 서오릉로 30-17(녹번동),,
노원구,하계동,노인의료복지시설,구립하계실버센터,서울특별시 노원구 한글비석로 4 (하계동),,
동작구,신대방동,노인의료복지시설,정성요양원,서울특별시 동작구 보라매로 89-0거성빌딩 6층,,
서대문구,충정로3가,노인의료복지시설,효림노인요양센터,서울특별시 서대문구 경기대로9길 62 (충정로3가),,
강서구,내발산동,노인의료복지시설,호선실버센터,서울특별시 강서구 수명로2길 96-0,,
강북구,수유동,노인의료복지시설,강북노인전문요양원,서울특별시 강북구 삼양로92길 20(수유동),,
동대문구,휘경동,노인의료복지시설,유자원,서울특별시 동대문구 망우로 82 (휘경동),,
성동구,홍익동,노인의료복지시설,시립동부노인전문요양센터,서울특별시 성동구 마장로23길 12 (홍익동),,
송파구,마천동,노인의료복지시설,청암노인요양원,서울특별시 송파구 성내천로 193 (마천동),,
서초구,서초동,노인의료복지시설,서초성심노인복지센터,서울특별시 서초구 반포대로22길 61 (서초동 1558-15),,
성북구,삼선동3가,노인의료복지시설,일광노인요양센터,서울특별시 성북구 보문로31길 70 (삼선동3가),,
동작구,상도1동,노인의료복지시설,청남노인요양공동생활가정,서울특별시 동작구 강남초등8길 20-04층,,
광진구,중곡동,노인의료복지시설,사랑이있는집노인요양공동생활가정,서울특별시 광진구 용마산로8마길 7-10(중곡동),,
용산구,효창동,노인의료복지시설,구립용산노인전문요양원,서울특별시 용산구 효창원로93길 51 (효창동),,
영등포구,문래동3가,노인의료복지시설,구립영등포노인케어센터,서울특별시 영등포구 도림로 482,,
금천구,독산동,노인의료복지시설,남부실버요양센터 다솔관,서울특별시 금천구 범안로12가길 59,,
종로구,평창동,노인의료복지시설,아름다운실버홈,서울특별시 종로구 평창길 123 (평창동),,
강동구,천호동,노인의료복지시설,성암장수마을,서울특별시 강동구 구천면로68길 46 (천호동),,
종로구,신영동,노인의료복지시설,북악실버홈 (휴지중),서울특별시 종로구 진흥로 493-6 (신영동),,
강북구,미아동,노인의료복지시설,e-포근한 요양원,서울특별시 강북구 도봉로 266 (미아동),,
양천구,신월동,노인의료복지시설,양천사랑마루,서울특별시 양천구 곰달래로6길 17-1 (신월동),,
영등포구,대림동,노인의료복지시설,서울성모원 노인요양공동생활가정,서울특별시 영등포구 대림로12가길 7-1,,
강북구,번동,노인의료복지시설,효노인복지센터,서울특별시 강북구 오현로 194덕수빌딩 2층 (번동),,
강서구,방화동,노인의료복지시설,봄날실버센터,서울특별시 강서구 금낭화로 39봄날실버센터,,
강서구,등촌동,노인의료복지시설,시니어스너싱홈,서울특별시 강서구 화곡로68길 102,,
강서구,화곡동,노인의료복지시설,한마음노인전문요양원,서울특별시 강서구 초록마을로14길 44 (화곡동),,
은평구,진관동,노인의료복지시설,붓다마을,서울특별시 은평구 연서로48길 41 (진관동),,
강북구,미아동,노인의료복지시설,민영요양센터,서울특별시 강북구 삼양로 184미아동 유유빌딩5층,,
강남구,역삼동,노인의료복지시설,구립 역삼노인요양센터,서울특별시 강남구 도곡로27길 27 (역삼동),,
양천구,신월동,노인의료복지시설,신목동노인복지센터,서울특별시 양천구 중앙로 291대지빌딩 5층,,
중랑구,묵동,노인의료복지시설,로뎀노인요양공동생활가정,서울특별시 중랑구 동일로169길 40 ,,
성북구,하월곡동,노인의료복지시설,진각노인요양센터,서울특별시 성북구 화랑로13길 17진각노인요양센터 (하월곡동),,
은평구,인송빌딩,노인의료복지시설,시온노인요양원,서울특별시 은평구 갈현로 270 인송빌딩  4층인송빌딩 4층,,
양천구,신정동,노인의료복지시설,구립양천어르신요양센터,서울특별시 양천구 신월로 26 (신정동),,
관악구,신림동,노인의료복지시설,관악실버케어,서울특별시 관악구 대학18길 34-7 (신림동),,
영등포구,대림동,노인의료복지시설,미래요양원2,서울특별시 영등포구 대림로 88재상빌딩 402호,,
은평구,구산동,노인의료복지시설,해피안,서울특별시 은평구 연서로15길 27-2(구산동),,
성북구,종암동,노인의료복지시설,백마요양원,서울특별시 성북구 종암로18길 14 (종암동),,
노원구,공릉동,노인의료복지시설,노원사랑요양원1,서울특별시 노원구 동일로174길 44 301호,,
도봉구,방학동,노인의료복지시설,도봉실버센터,서울특별시 도봉구 시루봉로 133,,
송파구,오금동,노인의료복지시설,굿모닝케어노인전문요양원,서울특별시 송파구 성내천로16길 17,,
광진구,중곡동,노인의료복지시설,므두셀라실버타운,서울특별시 광진구 능동로 360 (중곡동),,
노원구,월계동,노인의료복지시설,주사랑노인종합복지센터,서울특별시 노원구 광운로 48 2층,,
중랑구,신내동,노인의료복지시설,한세노인복지센터,서울특별시 중랑구 신내로 50 53층,,
서대문구,연희동,노인의료복지시설,연궁너싱홈,서울특별시 서대문구 증가로 49 2층,,
양천구,신정동,노인의료복지시설,예덕너싱홈,서울특별시 양천구 중앙로 232,,
서초구,양재동,노인의료복지시설,함춘요양원,서울특별시 서초구 논현로1길 13 (양재동 402-3),,
노원구,공릉동,노인의료복지시설,노원사랑요양원2,서울특별시 노원구 동일로174길 44 302호,,
은평구,녹번동,노인의료복지시설,녹번실버,서울특별시 은평구 통일로57길 5-10(녹번동),,
강서구,화곡동,노인의료복지시설,케어콜,서울특별시 강서구 강서로5나길 74 3층,,
송파구,장지동,노인의료복지시설,구립송파노인요양센터,서울특별시 송파구 충민로 184,,
관악구,신림동,노인의료복지시설,미성요양원,서울특별시 관악구 난곡로63가길 421.3층 (신림동),,
중랑구,중화동,노인의료복지시설,베스트그린요양원2호점,서울특별시 중랑구 동일로 775 그린프라자 6층,,
종로구,평창동,노인의료복지시설,아름다운뜰안에요양원,서울특별시 종로구 평창21길 70 (평창동),,
노원구,공릉동,노인의료복지시설,노원사랑요양원3,서울특별시 노원구 동일로174길 44 201호,,
강남구,대치동,노인의료복지시설,구립대치노인요양센터,서울특별시 강남구 역삼로69길 22,,
구로구,오류동,노인의료복지시설,행복요양원,서울특별시 구로구 경인로23길 87층 (오류동)(오류동),,
관악구,신림동,노인의료복지시설,법화노인요양원,서울특별시 관악구 법원단지길 153 (신림동),,
동작구,신대방동,노인의료복지시설,보라매요양원3호점,서울특별시 동작구 보라매로 88-088 (신대방동),,
강동구,천호동,노인의료복지시설,늘편한요양센터2호,서울특별시 강동구 구천면로318 2층 (천호동),,
금천구,시흥동,노인의료복지시설,실버캐슬,서울특별시 금천구 시흥대로 202대의빌딩 6층 (시흥동),,
강북구,수유동,노인의료복지시설,거목실버홈,서울특별시 강북구 한천로1160 3층 (수유동),,
강북구,수유동,노인의료복지시설,거목요양홈,서울특별시 강북구 한천로1160 3층 (수유동),,
금천구,시흥동,노인의료복지시설,금천구립사랑채요양원,서울특별시 금천구 금하로 764-0,,
동대문구,답십리동,노인의료복지시설,맑은샘요양원,서울특별시 동대문구 한천로37길19 2층 (답십리동 창승빌딩 A동),,
은평구,녹번동,노인의료복지시설,노블케어스,서울특별시 은평구 응암로 353 (녹번동),,
도봉구,방학동,노인의료복지시설,수노인요양공동생활가정2호점,서울특별시 도봉구 도당로80 5층 (방학동),,
강서구,등촌동,노인의료복지시설,선화요양원,서울특별시 강서구 등촌로 1833층 (등촌동),,
중랑구,해성빌딩,노인의료복지시설,두레노인요양원C,서울특별시 중랑구 신내로 45-0 해성빌딩 501호,,
중구,신당동,노인의료복지시설,효심원 노인요양공동생활가정,서울특별시 중구 청구로17길98 (신당동),,
서대문구,충정로3가,노인의료복지시설,중앙실버노인요양공동생활가정,서울특별시 서대문구 충정로4길5-25 (충정로3가),,
도봉구,참빛빌딩,노인의료복지시설,참빛요양센터,서울특별시 도봉구 도봉로141길 11(쌍문동 참빛빌딩),,
성북구,정릉동,노인의료복지시설,청화요양원,서울특별시 성북구 서경로 67 (정릉동),,
마포구,창전동,노인의료복지시설,샬렘요양원,서울특별시 마포구 서강로1길12-6 (창전동 6 7층),,
도봉구,방학동,노인의료복지시설,가원노인요양공동생활가정1호점,서울특별시 도봉구 방학로169 5층 (방학동),,
성북구,안암동1가,노인의료복지시설,보문요양원,서울특별시 성북구 인촌로7길 322~5층 (안암동1가),,
종로구,평창동,노인의료복지시설,세검정실버홈,서울특별시 종로구 평창2길 5 (평창동),,
도봉구,방학동,노인의료복지시설,가원노인요양공동생활가정2호점,서울특별시 도봉구 방학로169 4층 (방학동),,
영등포구,대림동,노인의료복지시설,대림실버1 노인요양공동생활가정,서울특별시 영등포구 디지털로398 2층 (대림동 대성빌딩),,
영등포구,대림동,노인의료복지시설,대림실버2노인요양공동생활가정,서울특별시 영등포구 디지털로398 5층 (대림동 대성빌딩),,
강서구,화곡동,노인의료복지시설,케어콜요양원,서울특별시 강서구 강서로5나길74 4층 (화곡동),,
중랑구,망우동,노인의료복지시설,늘푸른요양원2호점,서울특별시 중랑구 용마산로488 3층 (망우동 유진빌딩),,
동대문구,장안동,노인의료복지시설,은천요양원,서울특별시 동대문구 장한로27가길53 (장안동),,
구로구,개봉동,노인의료복지시설,미소들실버케어센터,서울특별시 구로구 고척로21나길 88-41 (개봉동),,
은평구,녹번동,노인의료복지시설,노블타운요양원,서울특별시 은평구 서오릉로 35 (녹번동),,
도봉구,창동,노인의료복지시설,도봉효드림요양원,서울특별시 도봉구 마들로13길175 6층 (창동),,
성동구,성수동2가,노인의료복지시설,서울숲 요양원,서울특별시 성동구 뚝섬로401-2 4층 (성수동2가),,
구로구,개봉동,노인의료복지시설,구로푸른요양원,서울특별시 구로구 개봉로3길 9 (개봉동),,
노원구,상계동,노인의료복지시설,수요양원,서울특별시 노원구 동일로237다길16 3층 (상계동),,
송파구,석촌동,노인의료복지시설,보눔케어요양원,서울특별시 송파구 가락로 27 (석촌동),,
광진구,구의동,노인의료복지시설,광진소규모요양시설,서울특별시 광진구 자양로51길 11-25 (구의동),,
강북구,수유동,노인의료복지시설,거목노인요양원,서울특별시 강북구 한천로 1160 (수유동),,
성동구,용답동,노인의료복지시설,한마음너싱홈,서울특별시 성동구 용답중앙길 91 (용답동),,
양천구,신정동,노인의료복지시설,신목행복자리어르신요양센터,서울특별시 양천구 신목로 10현대아파트 단지 내 106동 앞 (신정동 목동현대아파트),,
중구,신당동,노인의료복지시설,남산실버복지센터,서울특별시 중구 동호로5길 189 (신당동),,
도봉구,방학동,노인의료복지시설,(주)도봉늘푸른요양원,서울특별시 도봉구 방학로 115-03층,,
강서구,개화동,노인의료복지시설,행복한집,서울특별시 강서구 개화동로11길 3-12,,
강동구,길동,노인의료복지시설,그랜드너싱홈,서울특별시 강동구 양재대로 1465마루홈타운 301호 (길동),,
성북구,길음동,노인의료복지시설,길음안나의집 노인전문요양원,서울특별시 성북구 길음로9길 46 (길음동),,
양천구,신월동,노인의료복지시설,나이팅게일너싱홈,서울특별시 양천구 오목로 22 뉴스타빌딩 202호,,
양천구,신정동,노인의료복지시설,보람의집,서울특별시 양천구 목동로23길 34 205호,,
광진구,군자동,노인의료복지시설,광진한울촌노인요양시설,서울특별시 광진구 군자로 79,,
동작구,신대방동,노인의료복지시설,정성노인요양원,서울특별시 동작구 보라매로 89 거성빌딩 5층,,
송파구,삼전동,노인의료복지시설,시립송파노인전문요양원,서울특별시 송파구 백제고분로32길 37,,
성북구,하월곡동,노인의료복지시설,부모섬김노인요양원,서울특별시 성북구 오패산로 98로만프라자 3층 (하월곡동),,
서대문구,홍은동,노인의료복지시설,홍은노인요양시설,서울특별시 서대문구 홍은중앙로9길 21 (홍은동),,
관악구,신림동,노인의료복지시설,한보리노인요양센타,서울특별시 관악구 난향길 5 태성빌딩 3층,,
금천구,시흥동,노인의료복지시설,로뎀복지요양원,서울특별시 금천구 시흥대로59길 20,,
강동구,암사동,노인의료복지시설,흰돌장기요양센터1호점,서울특별시 강동구 구천면로 323 개나리프라자 6층,,
금천구,시흥동,노인의료복지시설,실버캐슬요양센터,서울특별시 금천구 시흥대로 202 대의빌딩 6층,,
관악구,봉천동,노인의료복지시설,관악노인종합사회복지관 병설 관악치매전문요양센터,서울특별시 관악구 보라매로 35 (봉천동),,
노원구,공릉동,노인의료복지시설,노원효사랑요양원,서울특별시 노원구 동일로173가길 37 선석빌딩 4층,,
금천구,시흥동,노인의료복지시설,청담노인복지센터,서울특별시 금천구 금하로29길 36금하로 29길 36,,
금천구,독산동,노인의료복지시설,임원요양원,서울특별시 금천구 독산로 359 (독산동),,
서대문구,홍은동,노인의료복지시설,백산실버홈,서울특별시 서대문구 모래내로 285 현대빌딩 4층,,
마포구,공덕동,노인의료복지시설,마포노인복지센터,서울특별시 마포구 만리재옛12길 6-2 (공덕동),,
동대문구,휘경동,노인의료복지시설,성심복지센터,서울특별시 동대문구 망우로 122-1 4층,,
동대문구,답십리동,노인의료복지시설,은나무요양원,서울특별시 동대문구 한천로 77 일신빌딩 3층,,
은평구,불광동,노인의료복지시설,로뎀요양원,서울특별시 은평구 통일로72길 31(불광동),,
성동구,금호동4가,노인의료복지시설,금호노인요양원,서울특별시 성동구 금호로 45정은타워 2층 (금호동4가),,
강동구,길동,노인의료복지시설,한사랑실버센터2호점,서울특별시 강동구 양재대로 1494 602호,,
중랑구,면목동,노인의료복지시설,축복재가장기노인요양원,서울특별시 중랑구 용마산로 389 석주빌딩 4층,,
영등포구,대림동,노인의료복지시설,참노인요양원(공동생활가정),서울특별시 영등포구 가마산로 373 주현빌딩 5층 ,,
영등포구,대림동,노인의료복지시설,주현노인요양원,서울특별시 영등포구 가마산로 373주현빌딩 5층 (대림동),,
송파구,마천동,노인의료복지시설,수실버간호센터,서울특별시 송파구 성내천로 2123층,,
서대문구,천연동,노인의료복지시설,서대문노인복지관요양센터,서울특별시 서대문구 독립문로8길 57 (천연동),,
은평구,녹번동,노인의료복지시설,엘림요양원,서울특별시 은평구 응암로 348(녹번동),,
양천구,신정동,노인의료복지시설,양천어르신종합복지관병설 양천어르신요양센터,서울특별시 양천구 목동로3길 106 (신정동),,
송파구,마천동,노인의료복지시설,은빛노인요양공동생활가정1,서울특별시 송파구 거마로 99,,
송파구,마천동,노인의료복지시설,은빛노인요양공동생활가정4,서울특별시 송파구 거마로 994층,,
강북구,미아동,노인의료복지시설,참사랑노인요양센터,서울특별시 강북구 오현로 32청우빌딩 6층 (미아동),,
광진구,자양동,노인의료복지시설,실버밸리노인요양공동생활가정,서울특별시 광진구 자양로 652층 (자양동),,
송파구,삼전동,노인의료복지시설,송파치매케어센터,서울특별시 송파구 백제고분로32길 41,,
강남구,논현동,노인의료복지시설,강남구립 논현요양센터,서울특별시 강남구 강남대로128길 59 (논현동),,
노원구,공릉동,노인의료복지시설,노원실버센터,서울특별시 노원구 동일로 1097 (공릉동),,
중랑구,망우동,노인의료복지시설,상봉요양원,서울특별시 중랑구 용마산로 494 상아빌딩 5층,,
강서구,방화동,노인의료복지시설,봄날서울요양원,서울특별시 강서구 양천로1길 100,,
구로구,고척동,노인의료복지시설,효도로노인전문요양원,서울특별시 구로구 경인로 393-7 (고척동),,
종로구,평창동,노인의료복지시설,인자인케어센터,서울특별시 종로구 평창17길 26 (평창동),,
양천구,신정동,노인의료복지시설,나눔의집,서울특별시 양천구 목동로23길 34 205호,,
성북구,보문동7가,노인의료복지시설,케어윌,서울특별시 성북구 보문로 50 (보문동7가),,
강남구,삼성동,노인의료복지시설,강남실버센터,서울특별시 강남구 삼성로 628 (삼성동),,
강북구,수유동,노인의료복지시설,푸른요양원1호점,서울특별시 강북구 도봉로81길 43 (수유동),,
관악구,신림동,노인의료복지시설,벧엘의집요양원,서울특별시 관악구 문성로 96 3층,,
노원구,상계동,노인의료복지시설,늘사랑실버센터,서울특별시 노원구 한글비석로 444교림노원프라자 5층 (상계동),,
중랑구,상봉동,노인의료복지시설,효원노인복지센터A,서울특별시 중랑구 상봉중앙로1길 12,,
강동구,길동,노인의료복지시설,한사랑실버센터1호점,서울특별시 강동구 양재대로 1494,,
송파구,석촌동,노인의료복지시설,포도나무실버타운2호점,서울특별시 송파구 가락로 2 6층,,
송파구,석촌동,노인의료복지시설,포도나무실버타운1호점,서울특별시 송파구 가락로 2 6층,,
강동구,명일동,노인의료복지시설,강동노인복지관 치매요양원,서울특별시 강동구 동남로71길 32-5강동노인종합복지관 5층 (명일동),,
광진구,자양동,노인의료복지시설,광진노인보호센터,서울특별시 광진구 뚝섬로58길 13(자양동),,
광진구,중곡동,노인의료복지시설,밝은요양원,서울특별시 광진구 긴고랑로 124층 (중곡동),,
중랑구,망우동,노인의료복지시설,예원요양원,서울특별시 중랑구 용마산로 554 동화빌딩 2층,,
중랑구,신내동,노인의료복지시설,유린원광노인요양원,서울특별시 중랑구 신내로 56 (신내동),,
서초구,염곡동,노인의료복지시설,사랑의집,서울특별시 서초구 탑성말길 26(염곡동 217-5),,
서대문구,합동,노인의료복지시설,중앙효노인요양공동생활가정,서울특별시 서대문구 서소문로 43-53,,
종로구,평창동,노인의료복지시설,평창동시니어센터,서울특별시 종로구 평창15길 10 (평창동),,
송파구,문정동,노인의료복지시설,에덴실버요양원,서울특별시 송파구 송이로 198-1,,
영등포구,대림동,노인의료복지시설,미래요양원,서울특별시 영등포구 대림로 88 재상빌딩 4층,,
서대문구,홍은동,노인의료복지시설,구립서대문노인전문요양센터,서울특별시 서대문구 홍지문2길 59 (홍은동),,
성북구,하월곡동,노인의료복지시설,사회복지법인 진각복지재단 진각홈케어 성북센터,서울특별시 성북구 화랑로 215층 (하월곡동),,
성동구,상왕십리동,노인의료복지시설,이암요양원,서울특별시 성동구 마장로 125 (상왕십리동),,
성북구,상월곡동,노인의료복지시설,늘푸른요양원,서울특별시 성북구 장월로1길 604층 (상월곡동),,
도봉구,창동,노인의료복지시설,해피데이공동생활가정,서울특별시 도봉구 해등로21 나동 104호 (창동),,
서대문구,홍은동,노인의료복지시설,노인요양시설 실버스토리,서울특별시 서대문구 모래내로 330 (홍은동),,
구로구,오류동,노인의료복지시설,삼농실버마을,서울특별시 구로구 오류로8길 84 (오류동),,
도봉구,쌍문동,노인의료복지시설,참빛요양원,서울특별시 도봉구 도봉로 6399층 (쌍문동),,
중랑구,묵동,노인의료복지시설,사랑과섬김요양원,서울특별시 중랑구 동일로 905,,
동작구,신대방동,노인의료복지시설,보라매요양원2호점,서울특별시 동작구 보라매로 88-088 (신대방동),,
동작구,신대방동,노인의료복지시설,보라매요양원1호점,서울특별시 동작구 보라매로 88-088 (신대방동),,
양천구,신월동,노인의료복지시설,사랑초요양원,서울특별시 양천구 지양로 152 (신월동),,
광진구,구의동,노인의료복지시설,사랑재요양원,서울특별시 광진구 자양로 188 (구의동),,
용산구,한남동,노인의료복지시설,구립한남노인요양원,서울특별시 용산구 독서당로 103 (한남동),,
중랑구,중화동,노인의료복지시설,효심(가)요양원,서울특별시 중랑구 망우로 171 5층,,
중랑구,중화동,노인의료복지시설,효심(나)요양원,서울특별시 중랑구 망우로 171 5층,,
강남구,세곡동,노인의료복지시설,국민건강보험공단 서울요양원,서울특별시 강남구 헌릉로590길 50 (세곡동),,
금천구,독산동,노인의료복지시설,대한실버하우스,서울특별시 금천구 독산로78길 21(독산동),,
서대문구,북가좌동,노인의료복지시설,은혜실버노인요양공동생활가정,서울특별시 서대문구 응암로1길 8-4(북가좌동),,
도봉구,쌍문동,노인의료복지시설,사랑채요양종합복지센터,서울특별시 도봉구 도봉로133길34 1층 (쌍문동),,
도봉구,쌍문동,노인의료복지시설,도봉요양원,서울특별시 도봉구 도봉로601 401호 (쌍문동),,
영등포구,신길동,노인의료복지시설,어버이사랑노인의료복지센터1,서울특별시 영등포구 도림로318 4층 (신길동),,
영등포구,신길동,노인의료복지시설,어버이사랑노인의료복지센터2,서울특별시 영등포구 도림로318 5층 (신길동),,
영등포구,신길동,노인의료복지시설,어버이사랑노인의료복지센터3,서울특별시 영등포구 도림로318 6층 (신길동),,
성북구,장위동,노인의료복지시설,유민복지센터,서울특별시 성북구 장위로26길20 (장위동),,
노원구,상계동,노인의료복지시설,노원편안한요양원2,서울특별시 노원구 상계로27길12 3층 (상계동 경인빌딩),,
노원구,상계동,노인의료복지시설,노원편안한요양원1,서울특별시 노원구 상계로27길12 3층 (상계동 경인빌딩),,
강북구,수유동,노인의료복지시설,가온요양원2,서울특별시 강북구 한천로 10755층 (수유동),,
강북구,수유동,노인의료복지시설,가온요양원1,서울특별시 강북구 한천로 10753층 (수유동),,
강남구,일원동,노인의료복지시설,강남유명요양원,서울특별시 강남구 개포로140길32 5층 (일원동 원효빌딩),,
중랑구,망우동,노인의료복지시설,서울시립중랑노인전문요양원,서울특별시 중랑구 양원역로 38 (망우동 시립중랑노인전문요양원),,
관악구,신림동,노인의료복지시설,인애요양원,서울특별시 관악구 신림로169 201호 (신림동 영창빌딩),,
송파구,가락동,노인의료복지시설,가족사랑요양원,서울특별시 송파구 오금로36길 57 (가락동),,
송파구,가락동,노인의료복지시설,가락사랑요양원,서울특별시 송파구 오금로36길 573층 (가락동),,
강북구,미아동,노인의료복지시설,사랑나눔요양원2,서울특별시 강북구 도봉로 2434층 (미아동),,
도봉구,창동,노인의료복지시설,사랑재활요양원,서울특별시 도봉구 덕릉로59아길54 4층 (창동),,
은평구,역촌동,노인의료복지시설,은평요양원,서울특별시 은평구 진흥로 4734층 (역촌동),,
도봉구,방학동,노인의료복지시설,love사랑맞이요양원,서울특별시 도봉구 마들로649-20 8층 (방학동),,
도봉구,방학동,노인의료복지시설,A  도봉재활요양원,서울특별시 도봉구 도봉로152길26 6층 (방학동),,
중랑구,망우동,노인의료복지시설,'(협)효마을 중랑 노인요양공동생활가정,서울특별시 중랑구 용마공원로3길24-10 지층 (망우동),,
양천구,신정동,노인의료복지시설,목동조은요양원,서울특별시 양천구 중앙로 294명성빌딩 8층 (신정동),,
구로구,가리봉동,노인의료복지시설,휴림실버요양센터,서울특별시 구로구 디지털로27길 119B223 (가리봉동),,
영등포구,도림동,노인의료복지시설,21세기요양원 노인요양공동생활가정,서울특별시 영등포구 도신로69 4층층 (도림동),,
중랑구,망우동,노인의료복지시설,상봉요양원요양센터,서울특별시 중랑구 용마산로 485 (망우동),,
강북구,수유동,노인의료복지시설,봄날북한산요양원,서울특별시 강북구 4.19로 77 (수유동),,
은평구,신사동,노인의료복지시설,'(협)노인돌봄은평요양원,서울특별시 은평구 가좌로 3063층 (신사동),,
관악구,신림동,노인의료복지시설,난향요양원,서울특별시 관악구 남부순환로 1474 3층층 (신림동),,
관악구,신림동,노인의료복지시설,난향요양원2,서울특별시 관악구 남부순환로 1470 4층층 (신림동),,
은평구,수색동,노인의료복지시설,수색실버케어,서울특별시 은평구 수색로272-1 (수색동),,
종로구,홍지동,노인의료복지시설,종로시니어스타워,서울특별시 종로구 홍지문길 29 (홍지동),,
광진구,자양동,노인의료복지시설,성동실버케어요양원,서울특별시 광진구 뚝섬로 6134층 (자양동),,
도봉구,도봉동,노인의료복지시설,다사랑요양원,서울특별시 도봉구 도봉로191길 88-6 (도봉동),,
도봉구,창동,노인의료복지시설,사랑재활요양원2호점,서울특별시 도봉구 덕릉로59아길 54-0 (창동)54 3층층 (창동 이순빌딩),,
중랑구,중화동,노인의료복지시설,효심(라)요양원,서울특별시 중랑구 망우로 171 6층층 (중화동),,
중랑구,중화동,노인의료복지시설,효심(다)요양원,서울특별시 중랑구 망우로 171 6층층 (중화동),,
관악구,신림동,노인의료복지시설,엔젤요양원,서울특별시 관악구 남부순환로 1432-7 401호호 (신림동 대우빌딩),,
관악구,신림동,노인의료복지시설,가나안요양원,서울특별시 관악구 조원로 24 601호호 (신림동 새한빌딩),,
강서구,내발산동,노인의료복지시설,수명산요양원,서울특별시 강서구 수명로2가길 25-16(내발산동 수명산요양원),,
노원구,상계동,노인의료복지시설,A 행복한그린요양원,서울특별시 노원구 동일로230나길 23 (상계동),,
도봉구,방학동,노인의료복지시설,사랑방요양원,서울특별시 도봉구 도봉로 727-1 (방학동)727-1 2층 (방학동),,
금천구,독산동,노인의료복지시설,주은요양원,서울특별시 금천구 시흥대로 487독산동 (독산동),,
강동구,강일동,노인의료복지시설,강일성모노인요양원,서울특별시 강동구 고덕로 476 (강일동),,
중랑구,묵동,노인의료복지시설,카멜리아요양원,서울특별시 중랑구 동일로933 7층층 (묵동 수정빌딩),,
도봉구,방학동,노인의료복지시설,꿈에그린요양원1,서울특별시 도봉구 방학로106 4층층 (방학동),,
구로구,천왕동,노인의료복지시설,구로 미가 요양원,서울특별시 구로구 천왕로 366층 (천왕동),,
도봉구,방학동,노인의료복지시설,도봉은빛요양원,서울특별시 도봉구 방학로106 5층 (방학동),,
강서구,화곡동,노인의료복지시설,강서사랑요양원,서울특별시 강서구 곰달래로 71 (화곡동),,
동대문구,제기동,노인의료복지시설,홍릉요양원,서울특별시 동대문구 제기로72 5층 (제기동 홍릉요양원),,
은평구,신사동,노인의료복지시설,'참좋은요양원,서울특별시 은평구 가좌로 3062층 (신사동),,
관악구,신림동,노인의료복지시설,삼성요양원,서울특별시 관악구 호암로401 501호호 (신림동),,
성북구,종암동,노인의료복지시설,종암요양원,서울특별시 성북구 종암로9길56 (종암동),,
강서구,등촌동,노인의료복지시설,햇살요양원,서울특별시 강서구 공항대로41길 34-0 (등촌동)34 (등촌동),,
강서구,화곡동,노인의료복지시설,참사랑실버케어,서울특별시 강서구 까치산로106 (화곡동),,
도봉구,방학동,노인의료복지시설,그린요양원,서울특별시 도봉구 방학로 115 2층 (방학동 그린빌딩),,
은평구,구산동,노인의료복지시설,주안요양원,서울특별시 은평구 서오릉로13길10 (구산동),,
강서구,화곡동,노인의료복지시설,밝은햇살요양원,서울특별시 강서구 강서로29길38 1층 (화곡동),,
성북구,수유동,노인의료복지시설,둥지요양원,서울특별시 성북구 오패산로 49 2층 1호 (하월곡동),,
강북구,수유동,노인의료복지시설,가족사랑요양원,서울특별시 강북구 한천로 1108-1 2 3층 (수유동),,
강북구,수유동,노인의료복지시설,행복한노인요양원2,서울특별시 강북구 덕릉로46 2호 4층 (수유동),,
강북구,수유동,노인의료복지시설,행복한노인요양원1,서울특별시 강북구 덕릉로46 2호 2층 (수유동),,
노원구,상계동,노인의료복지시설,가온요양원,서울특별시 노원구 노원로479 5층 (상계동 대광빌딩),,
중랑구,망우동,노인의료복지시설,우리가족요양원 2호점,서울특별시 중랑구 용마산로 488 5층 (망우동 유진빌딩),,
중랑구,망우동,노인의료복지시설,우리가족요양원 1호점,서울특별시 중랑구 용마산로 488 6층 (망우동 유진빌딩),,
서대문구,북가좌동,노인의료복지시설,효드림요양원,서울특별시 서대문구 응암로 62-0 (북가좌동)62 4~7층 (북가좌동),,
강서구,가양동,노인의료복지시설,성심노인요양원,서울특별시 강서구 강서로74길36 4층 (가양동 서령빌딩),,
관악구,신림동,노인의료복지시설,은빛요양원 II,서울특별시 관악구 신림로 134-0 (신림동)134 5층 (신림동 오성빌딩),,
관악구,신림동,노인의료복지시설,은빛요양원,서울특별시 관악구 신림로 134 4층 (신림동 오성빌딩),,
금천구,독산동,노인의료복지시설,실버캐슬요양원,서울특별시 금천구 시흥대로139길 14 (독산동),,
금천구,독산동,노인의료복지시설,실버캐슬 그룹홈,서울특별시 금천구 시흥대로139길 14 (독산동),,
관악구,신림동,노인의료복지시설,다원요양원,서울특별시 관악구 조원중앙로 24 3층 (신림동 우진빌딩),,
관악구,신림동,노인의료복지시설,다원요양센터,서울특별시 관악구 조원중앙로 24 5층 (신림동 우진빌딩),,
중랑구,면목동,노인의료복지시설,영지요양원,서울특별시 중랑구 봉우재로 47 (면목동),,
양천구,신월동,노인의료복지시설,신월실버요양원,서울특별시 양천구 곰달래로 30 (신월동),,
중랑구,망우동,노인의료복지시설,평강요양원,서울특별시 중랑구 용마산로112길90 3층 (망우동 성공빌딩),,
성북구,하월곡동,노인의료복지시설,한솔요양원,서울특별시 성북구 오패산로10길 30 4층 401호 (하월곡동),,
동대문구,답십리동,노인의료복지시설,도우누리편안한요양원,서울특별시 동대문구 한천로37길19 A동 5층 (답십리동 창승빌딩),,
도봉구,쌍문동,노인의료복지시설,쌍문늘푸른요양원,서울특별시 도봉구 해등로26길7 쌍문동 501호 (쌍문동),,
금천구,영재빌딩,노인의료복지시설,사랑가득 요양원,서울특별시 금천구 독산로194 (독산동 영재빌딩),,
중랑구,신내동,노인의료복지시설,가천요양원,서울특별시 중랑구 신내로14길13 4층 (신내동),,
관악구,신림동,노인의료복지시설,서울숲요양원,서울특별시 관악구 난향7길 68 (신림동),,
동작구,사당동,노인의료복지시설,나이팅게일너싱홈,서울특별시 동작구 남부순환로255길8 13층 101301호 (사당동 장미빌라),,
구로구,구로동,노인의료복지시설,늘봄시니어케어센터,서울특별시 구로구 새말로 38-12 (구로동),,
도봉구,쌍문동,노인의료복지시설,도봉하루요양원2호점,서울특별시 도봉구 방학로3길 103 (쌍문동) 춘광빌딩 5~6층,,
도봉구,쌍문동,노인의료복지시설,도봉하루요양원1호점,서울특별시 도봉구 방학로3길 103 (쌍문동),,
강동구,길동,노인의료복지시설,마더노인요양센터,서울특별시 강동구 명일로 230 2층 (길동),,
중랑구,상봉동,노인의료복지시설,엘림요양원,서울특별시 중랑구 봉우재로 79 3층 (상봉동 화성빌딩),,
용산구,원효로2가,노인의료복지시설,닥터참사랑요양원,서울특별시 용산구 원효로 155 3~5층 (원효로2가),,
성북구,보문동2가,노인의료복지시설,우리엄마요양원,서울특별시 성북구 보문로 123 3층 (보문동2가),,
강서구,등촌동,노인의료복지시설,한가람요양원,서울특별시 강서구 등촌로 183 4층 (등촌동),,
양천구,신월동,노인의료복지시설,실버캐슬요양타운,서울특별시 양천구 신월로 107 (신월동),,
중랑구,망우동,노인의료복지시설,정원요양원,서울특별시 중랑구 용마산로112길 90 4층 (망우동),,
송파구,마천동,노인의료복지시설,경복궁요양센터,서울특별시 송파구 성내천로47길 40 (마천동),,
광진구,중곡동,노인의료복지시설,중곡요양원,서울특별시 광진구 면목로 203 3층 (중곡동),,
성북구,돈암동,노인의료복지시설,다애요양원,서울특별시 성북구 성북로4길 52 한진아파트스포츠센터동 지하2층 53055306호 (돈암동),,
노원구,상계동,노인의료복지시설,사랑과섬김요양원,서울특별시 노원구 한글비석로 4225층 (상계동),,
도봉구,방학동,노인의료복지시설,강북재활요양원2호점,서울특별시 도봉구 도봉로 669 601호 (방학동),,
도봉구,방학동,노인의료복지시설,강북재활요양원,서울특별시 도봉구 도봉로 669 601호 (방학동),,
금천구,시흥동,노인의료복지시설,가족사랑요양원,서울특별시 금천구 시흥대로 214 10층 (시흥동),,
도봉구,도봉동,노인의료복지시설,큰사랑요양원,서울특별시 도봉구 도봉로180길 46 5층 (도봉동),,
강서구,화곡동,노인의료복지시설,행복마지요양원,서울특별시 강서구 강서로12길 8-8 12층 (화곡동 근상프리즘주상복합아파트),,
도봉구,도봉동,노인의료복지시설,청춘요양원,서울특별시 도봉구 도봉로180길 46 4층 (도봉동),,
도봉구,도봉동,노인의료복지시설,은나무요양원,서울특별시 도봉구 도봉로180나길 48-0 (도봉동)46 6층 (도봉동),,
도봉구,도봉동,노인의료복지시설,행복요양원,서울특별시 도봉구 도봉로180길 46 2층 (도봉동),,
노원구,상계동,노인의료복지시설,상계요양원,서울특별시 노원구 동일로242바길 27 (상계동),,
강서구,등촌동,노인의료복지시설,새마음요양원,서울특별시 강서구 공항대로41길 34 3층 (등촌동),,
강서구,등촌동,노인의료복지시설,희망요양원,서울특별시 강서구 공항대로41길 34 3층 (등촌동),,
도봉구,도봉동,노인의료복지시설,미소사랑요양원,서울특별시 도봉구 도봉로180길 46 3층 (도봉동),,
도봉구,창동,노인의료복지시설,선한노인전문요양원,서울특별시 도봉구 덕릉로62길 52-6 (창동)52-6 (창동),,
도봉구,도봉동,노인의료복지시설,효심요양원,서울특별시 도봉구 도봉로180길 46 7층 (도봉동),,
강북구,미아동,노인의료복지시설,가족사랑노인요양센터,서울특별시 강북구 월계로 75 4층 (미아동 동구빌딩),,
노원구,상계동,노인의료복지시설,효누리요양원,서울특별시 노원구 한글비석로 422 3층 (상계동),,
중랑구,상봉동,노인의료복지시설,다애요양원,서울특별시 중랑구 망우로262 2층 (상봉동),,
강북구,수유동,노인의료복지시설,행복한노인요양원3,서울특별시 강북구 덕릉로 46 2 4층 (수유동 신우빌딩),,
강남구,자곡동,노인의료복지시설,더시그넘하우스 너싱홈,서울특별시 강남구 자곡로 204-25 (자곡동),,
도봉구,방학동,노인의료복지시설,강북실버요양원2호점,서울특별시 도봉구 도봉로669 201동 (방학동 이정빌딩),,
동대문구,답십리동,노인의료복지시설,소망요양원,서울특별시 동대문구 한천로37길 19 4층 (답십리동),,
도봉구,방학동,노인의료복지시설,강북실버요양원,서울특별시 도봉구 도봉로669 201호 (방학동 이정빌딩),,
강서구,화곡동,노인의료복지시설,솔요양원,서울특별시 강서구 강서로17길 25 (화곡동 3층),,
강서구,화곡동,노인의료복지시설,푸른요양원,서울특별시 강서구 강서로17길 25 (화곡동 3층),,
강북구,수유동,노인의료복지시설,푸른요양원2호점,서울특별시 강북구 도봉로81길 43 지15~8층 (수유동),,
강서구,화곡동,노인의료복지시설,푸른솔요양원,서울특별시 강서구 강서로17길 25 (화곡동 3층),,
도봉구,방학동,노인의료복지시설,큰사랑노인요양원,서울특별시 도봉구 도봉로152길26 7층 (방학동 렉시온프라자),,
관악구,신림동,노인의료복지시설,중앙요양원,서울특별시 관악구 남부순환로 1432-7 501호 (신림동),,
도봉구,쌍문동,노인의료복지시설,도봉하루요양원3호점,서울특별시 도봉구 방학로3길103 56층 (쌍문동),,
도봉구,방학동,노인의료복지시설,강북요양원,서울특별시 도봉구 도봉로 669-0 (방학동)669 5층 501호 (방학동 이정빌딩),,
도봉구,방학동,노인의료복지시설,강북요양원2호점,서울특별시 도봉구 도봉로 669-0 (방학동),,
중랑구,중화동,노인의료복지시설,효심요양원2호,서울특별시 중랑구 망우로 171 4층 (중화동),,
중랑구,중화동,노인의료복지시설,효심요양원1호,서울특별시 중랑구 망우로 171 4층 (중화동),,
서대문구,북가좌동,노인의료복지시설,행복가득요양원,서울특별시 서대문구 거북골로 202-2 (북가좌동),,
강남구,개포동,노인의료복지시설,한마음실버빌,서울특별시 강남구 논현로12길 19-4 2~3층 (개포동),,
서대문구,북가좌동,노인의료복지시설,장수노인요양공동생활가정,서울특별시 서대문구 응암로 145 (북가좌동),,
동대문구,제기동,노인의료복지시설,경동노인요양원2,서울특별시 동대문구 약령시로 122-5 1~3층 (제기동),,
동대문구,제기동,노인의료복지시설,경동노인요양원,서울특별시 동대문구 약령시로 122-5 4~6층 (제기동),,
금천구,독산동,노인의료복지시설,시니어실버타운2,서울특별시 금천구 독산로 217 5층 (독산동),,
금천구,독산동,노인의료복지시설,시니어실버타운1,서울특별시 금천구 독산로217 4층 (독산동),,
노원구,상계동,노인의료복지시설,러빙케어,서울특별시 노원구 상계로1길 54-4 207 307호 (상계동 상계동센트럴타워),,
도봉구,창동,노인의료복지시설,사랑재활요양원3호점,서울특별시 도봉구 덕릉로59아길 54 (창동 이순빌딩 34층),,
도봉구,도봉동,노인의료복지시설,서울행복한요양원,서울특별시 도봉구 마들로 664-11 601호 (도봉동),,
관악구,신림동,노인의료복지시설,나은요양원,서울특별시 관악구 호암로 401 5층 (신림동),,
강북구,수유동,노인의료복지시설,길재활요양원,서울특별시 강북구 인수봉로 225 (수유동),,
성북구,정릉동,노인의료복지시설,정진요양원,서울특별시 성북구 서경로 110 2-5층 (정릉동 정진빌딩),,
광진구,자양동,노인의료복지시설,광진늘푸른요양원,서울특별시 광진구 뚝섬로 613 6층 (자양동),,
동대문구,제기동,노인의료복지시설,효림요양원,서울특별시 동대문구 고산자로 476 3층 (제기동),,
동대문구,제기동,노인의료복지시설,경동효림요양원,서울특별시 동대문구 고산자로 476 4층 (제기동),,
금천구,가산동,노인의료복지시설,하나요양원,서울특별시 금천구 시흥대로153길 99 478층 (가산동),,
강동구,길동,노인의료복지시설,정원실버요양원 2호점,서울특별시 강동구 양재대로124길 41 3층 (길동 성원빌딩),,
강동구,길동,노인의료복지시설,정원실버요양원,서울특별시 강동구 양재대로124길 41 4층 (길동),,
양천구,신월동,노인의료복지시설,올리사랑 요양원,서울특별시 양천구 신월로 191 (신월동 정세빌딩 3.4.5 층),,
성북구,정릉동,노인의료복지시설,정릉노인요양원,서울특별시 성북구 정릉로12길 69 (정릉동),,
관악구,신림동,노인의료복지시설,나눔요양원,서울특별시 관악구 남부순환로 1468-0 (신림동)1468 4층 (신림동),,
관악구,봉천동,노인의료복지시설,효사랑요양원,서울특별시 관악구 관악로 111 3층 (봉천동),,
관악구,신림동,노인의료복지시설,신림요양원,서울특별시 관악구 난곡로 272 2층 (신림동),,
동대문구,제기동,노인의료복지시설,동대문효림요양원,서울특별시 동대문구 고산자로 476 3층 (제기동),,
동대문구,제기동,노인의료복지시설,제기동효림요양원,서울특별시 동대문구 고산자로 476 4층 (제기동),,
동대문구,제기동,노인의료복지시설,서울팔팔요양원,서울특별시 동대문구 고산자로 476 5층 (제기동),,
동대문구,제기동,노인의료복지시설,서울백세요양원,서울특별시 동대문구 고산자로 476 5층 (제기동),,
구로구,고척동,노인의료복지시설,그린케어요양센터,서울특별시 구로구 중앙로 60 67층 (고척동 강산메디칼프라자),,
노원구,상계동,노인의료복지시설,노원행복한요양원,서울특별시 노원구 한글비석로47길 58 4층 (상계동),,
노원구,상계동,노인의료복지시설,행복한요양원,서울특별시 노원구 한글비석로47길 58 3층 (상계동),,
서대문구,연희동,노인의료복지시설,성산100세노인요양공동생활가정 1관,서울특별시 서대문구 증가로 55 (연희동),,
금천구,독산동,노인의료복지시설,금천햇살요양원,서울특별시 금천구 시흥대로 487 독산1동 2층 (독산동),,
강북구,수유동,노인의료복지시설,강북효심요양원1,서울특별시 강북구 삼양로77가길 9 4층 (수유동),,
강북구,수유동,노인의료복지시설,강북효심요양원2,서울특별시 강북구 삼양로77가길 9 2지하1층 (수유동),,
영등포구,대림동,노인의료복지시설,은빛사랑1,서울특별시 영등포구 디지털로 392 5층(대림동 정성빌딩)5층 (대림동 정성빌딩),,
영등포구,대림동,노인의료복지시설,은빛사랑2,서울특별시 영등포구 디지털로 392 (대림동. 정성빌딩)5층,,
영등포구,대림동,노인의료복지시설,은빛사랑3,서울특별시 영등포구 디지털로 392 6층 (대림동 정성빌딩)6층 (대림동 정성빌딩),,
강북구,수유동,노인의료복지시설,가인요양원,서울특별시 강북구 삼양로 437 2층 (수유동 성아빌딩),,
양천구,목동,노인의료복지시설,하늘정원 요양원,서울특별시 양천구 등촌로 32 8층 (목동 태영프라자),,
동대문구,제기동,노인의료복지시설,정든요양원,서울특별시 동대문구 제기로 72 4층 (제기동),,
강북구,수유동,노인의료복지시설,강북유진복지센터,서울특별시 강북구 삼양로77가길 9 5층 (수유동),,
서대문구,홍제동,노인의료복지시설,노인요양시설 하늘정원실버케어,서울특별시 서대문구 홍제내길48 (홍제동),,
강동구,둔촌동,노인의료복지시설,강동힐링요양원,서울특별시 강동구 천호대로 1240-9 (둔촌동),,
은평구,신사동,노인의료복지시설,가온실버케어,서울특별시 은평구 가좌로306 4층 (신사동),,
강서구,화곡동,노인의료복지시설,가족사랑노인요양원,서울특별시 강서구 곰달래로 97 2층 (화곡동 BS타운),,
양천구,신정동,노인의료복지시설,목동평강 요양원,서울특별시 양천구 은행정로5 6층 (신정동 에벤에셀프라자),,
강남구,개포동,노인의료복지시설,한마음요양원,서울특별시 강남구 논현로12길 19-4 2~3층 (개포동),,
종로구,이화동,노인의료복지시설,엠더블유(공생) 요양원,서울특별시 종로구 율곡로17길 7-38 6층 (이화동),,
금천구,독산동,노인의료복지시설,강남가정요양원4,서울특별시 금천구 독산로 290 4층 (독산동),,
금천구,독산동,노인의료복지시설,강남가정요양원3,서울특별시 금천구 독산로 290 3층 (독산동),,
동작구,상도동,노인의료복지시설,신상도요양원,서울특별시 동작구 양녕로20길 108 (상도동),,
구로구,구로동,노인의료복지시설,소망요양원1,서울특별시 구로구 구로동로28길 87 2층 (구로동),,
구로구,구로동,노인의료복지시설,소망요양원2,서울특별시 구로구 구로동로28길 87 2층 (구로동),,
강서구,내발산동,노인의료복지시설,늘푸른요양원,서울특별시 강서구 수명로 80 6층 7층 (내발산동 베스트프라자),,
성북구,보문동2가,노인의료복지시설,우리엄마요양원 2호점,서울특별시 성북구 보문로123 4 2층 (보문동2가),,
노원구,상계동,노인의료복지시설,성모요양원,서울특별시 노원구 노원로 479 3층 (상계동),,
도봉구,창동,노인의료복지시설,실버빌요양원,서울특별시 도봉구 노해로277 (창동),,
송파구,장지동,노인의료복지시설,KB골든라이프케어 위례 빌리지,서울특별시 송파구 위례광장로 220 (장지동),,
중랑구,면목동,노인의료복지시설,사랑채요양원,서울특별시 중랑구 면목로 220 2층 (면목동 학림빌딩),,
양천구,신월동,노인의료복지시설,늘푸른 소망요양원,서울특별시 양천구 지양로 29 234층 (신월동 오윤빌딩),,
도봉구,창동,노인의료복지시설,참존vip요양원,서울특별시 도봉구 도봉로136가길 4 4층 (창동 창동리더스빌딩),,
강동구,명일동,노인의료복지시설,(A )강동포도나무요양원 2호점,서울특별시 강동구 상암로 195 2층 203호 (명일동),,
강동구,명일동,노인의료복지시설,(A )강동포도나무요양원 1호점,서울특별시 강동구 상암로 195 2층 201호 (명일동),,
강동구,천호동,노인의료복지시설,강동천호실버센터1호,서울특별시 강동구 올림픽로664 3층 331호 (천호동 대우 한강 베네시티),,
강동구,천호동,노인의료복지시설,강동천호실버센터2호,서울특별시 강동구 올림픽로 664 3층 332호 (천호동 대우 한강 베네시티),,
노원구,상계동,노인의료복지시설,늘봄요양원,서울특별시 노원구 한글비석로47길 58 2층 (상계동),,
은평구,갈현동,노인의료복지시설,은평실버랜드요양원,서울특별시 은평구 연서로21길27-20 (갈현동),,
동대문구,제기동,노인의료복지시설,평화요양원,서울특별시 동대문구 제기로 72 3층 (제기동),,
관악구,신림동,노인의료복지시설,당신의 의자 요양원,서울특별시 관악구 난곡로10길 10 (신림동),,
서대문구,연희동,노인의료복지시설,성산100세노인요양공동생활가정 2관,서울특별시 서대문구 증가로 55 (연희동),,
광진구,구의동,노인의료복지시설,강변케어센터,서울특별시 광진구 구의강변로 35 6층 (구의동),,
광진구,구의동,노인의료복지시설,강변케어센터2,서울특별시 광진구 구의강변로 35 6층 (구의동),,
도봉구,쌍문동,노인의료복지시설,기쁨과나눔노인요양원,서울특별시 도봉구 도봉로137길 48 2층 (쌍문동),,
도봉구,쌍문동,노인의료복지시설,기쁨과나눔노인요양원2호점,서울특별시 도봉구 도봉로137길 48 2층 (쌍문동),,
금천구,시흥동,노인의료복지시설,이삭요양원,서울특별시 금천구 시흥대로 214 (시흥동),,
강북구,수유동,노인의료복지시설,북부성모요양원,서울특별시 강북구 한천로 1152 (수유동 수유빌딩 3층),,
도봉구,방학동,노인의료복지시설,A플러스노아재활요양원,서울특별시 도봉구 마들로 649-20 6층 (방학동 메인프라자),,
동대문구,답십리동,노인의료복지시설,미소지움요양원,서울특별시 동대문구 한천로37길 19 3층 (답십리동 창승빌딩),,
관악구,신림동,노인의료복지시설,난향요양원1,서울특별시 관악구 남부순환로 1470 3층 (신림동),,
관악구,신림동,노인의료복지시설,난향요양원2,서울특별시 관악구 남부순환로 1470 4층 (신림동),,
구로구,개봉동,노인의료복지시설,강이보이는요양원,서울특별시 구로구 개봉로 4 5층 (개봉동),,
광진구,중곡동,노인의료복지시설,노블레스요양원2,서울특별시 광진구 용마산로 105 2층 (중곡동),,
영등포구,신길동,노인의료복지시설,어버이사랑노인의료실버타운,서울특별시 영등포구 도림로 323 2층 203 205호 (신길동 건영상가),,
광진구,광장동,노인의료복지시설,워커힐케어센터1,서울특별시 광진구 아차산로 634 6 7층 (광장동 대오빌딩),,
광진구,광장동,노인의료복지시설,워커힐케어센터2,서울특별시 광진구 아차산로 634 5층 (광장동 대오빌딩),,
관악구,신림동,노인의료복지시설,은빛요양원1,서울특별시 관악구 신림로 134 4층 (신림동 오성빌딩),,
관악구,신림동,노인의료복지시설,은빛요양원Ⅱ,서울특별시 관악구 신림로 134 5층 (신림동 오성빌딩),,
광진구,중곡동,노인의료복지시설,노블레스요양원1,서울특별시 광진구 용마산로 105 3층 (중곡동 광진빌딩),,
노원구,상계동,노인의료복지시설,노블레스요양원,서울특별시 노원구 노원로 479 2층 (상계동),,
관악구,신림동,노인의료복지시설,신림요양원2,서울특별시 관악구 난곡로 272 3층 (신림동),,
영등포구,신길동,노인의료복지시설,어버이사랑노인의료복지센터1,서울특별시 영등포구 도림로 318 4층 (신길동),,
영등포구,신길동,노인의료복지시설,어버이사랑노인의료복지센터2,서울특별시 영등포구 도림로 318 5층 (신길동),,
중랑구,면목동,노인의료복지시설,조은노인요양센터,서울특별시 중랑구 상봉로 7 3층 (면목동 서일타운),,
중랑구,묵동,노인의료복지시설,골든시니어케어센터,서울특별시 중랑구 동일로 917-4 (묵동),,
강북구,수유동,노인의료복지시설,강북하루정요양원,서울특별시 강북구 삼양로 433 5층 (수유동),,
도봉구,도봉동,노인의료복지시설,굿모닝요양원2호점,서울특별시 도봉구 도봉로 765 4층 (도봉동),,
도봉구,도봉동,노인의료복지시설,굿모닝요양원,서울특별시 도봉구 도봉로 765 2층 (도봉동),,
은평구,신사동,노인의료복지시설,실비아요양원,서울특별시 은평구 증산로15길 35-8 상가11동 (신사동 101201301호),,
관악구,신림동,노인의료복지시설,관악실버케어,서울특별시 관악구 대학18길 34-7 (신림동),,
관악구,신림동,노인의료복지시설,명지요양원,서울특별시 관악구 난곡로 316 6층 (신림동 진성타워),,
구로구,고척동,노인의료복지시설,보라매요양원,서울특별시 구로구 목동남로 32 (고척동 보광빌딩 (B1 3467층)),,
중랑구,면목동,노인의료복지시설,A 평화요양원,서울특별시 중랑구 중랑천로52 (면목동),,
중랑구,망우동,노인의료복지시설,사랑요양원,서울특별시 중랑구 용마산로 494 (망우동),,
구로구,고척동,노인의료복지시설,메디치피아요양센터,서울특별시 구로구 중앙로 10-15 (고척동),,
구로구,궁동,노인의료복지시설,다원실버요양원,서울특별시 구로구 오리로 1289 2층 (궁동),,
중랑구,면목동,노인의료복지시설,중랑삼성 요양원,서울특별시 중랑구 동일로91가길 27 (면목동),,
관악구,신림동,노인의료복지시설,나눔요양원,서울특별시 관악구 남부순환로 1468 4층 (신림동),,
강북구,미아동,노인의료복지시설,강북중앙요양원,서울특별시 강북구 도봉로 243 3층 (미아동),,
동대문구,답십리동,노인의료복지시설,성창요양원,서울특별시 동대문구 한천로37길23 4층 (답십리동),,
동대문구,전농동,노인의료복지시설,보은노인요양공동생활가정,서울특별시 동대문구 한천로 213 4층 (전농동),,
강동구,암사동,노인의료복지시설,서울케어링하우스,서울특별시 강동구 올림픽로 831 (암사동),,
도봉구,쌍문동,노인의료복지시설,하루정요양센터,서울특별시 도봉구 해등로17길 42 4층 (쌍문동),,
동대문구,제기동,노인의료복지시설,우리집요양원,서울특별시 동대문구 제기로 72 2층 (제기동),,
중랑구,상봉동,노인의료복지시설,삼연요양원,서울특별시 중랑구 봉우재로 79 5층 (상봉동),,
중랑구,면목동,노인의료복지시설,존엄케어노인전문요양원,서울특별시 중랑구 용마산로51길 1 2층 (면목동),,
은평구,수색동,노인의료복지시설,사랑가득요양원1호,서울특별시 은평구 수색로14길 5-3 5층 (수색동),,
은평구,수색동,노인의료복지시설,사랑가득요양원2호,서울특별시 은평구 수색로14길 5-3 6층 (수색동),,
강북구,수유동,노인의료복지시설,참햇살요양원,서울특별시 강북구 도봉로403 2층 (수유동),,
강북구,수유동,노인의료복지시설,햇살요양원,서울특별시 강북구 도봉로 403 3층 (수유동),,
성북구,상월곡동,노인의료복지시설,늘푸른요양원,서울특별시 성북구 장월로1길60 (상월곡동),,
금천구,시흥동,노인의료복지시설,섬기는 실버하우스 요양원,서울특별시 금천구 시흥대로 214 11층 (시흥동),,
성북구,성북동,노인의료복지시설,성북힐요양원,서울특별시 성북구 성북로31가길 21 (성북동),,
금천구,독산동,노인의료복지시설,서울조은요양원,서울특별시 금천구 시흥대로152길 11-43 2층 (독산동),,
노원구,상계동,노인의료복지시설,서울실버케어노인요양원,서울특별시 노원구 한글비석로44길 312층3층 (상계동),,
중랑구,망우동,노인의료복지시설,동우너싱홈,서울특별시 중랑구 망우로 422 ,,
중랑구,중화동,노인의료복지시설,베스트그린요양원1호점,서울특별시 중랑구 동일로 789 그린프라자 6층,,
은평구,역촌동,노인의료복지시설,은평효실버요양원,서울특별시 은평구 연서로 17(역촌동),,
중랑구,신내동,노인의료복지시설,두레노인요양원,서울특별시 중랑구 신내로 45,,
송파구,마천동,노인의료복지시설,송파그린요양원,서울특별시 송파구 성내천로 208 신안빌딩 3층,,
서초구,반포동,노인의료복지시설,장생시니어타운,서울특별시 서초구 강남대로89길 10 (반포동 707-9),,
도봉구,도봉동,노인의료복지시설,행복드림요양원,서울특별시 도봉구 도봉로154길 23 신성빌딩 3층,,
송파구,마천동,노인의료복지시설,은빛노인요양공동생활가정2,서울특별시 송파구 거마로 99,,
광진구,구의동,노인의료복지시설,워커힐실버타운,서울특별시 광진구 워커힐로 93 (구의동),,
노원구,공릉동,노인의료복지시설,노원사랑요양원4,서울특별시 노원구 동일로174길 44 202호,,
양천구,신월동,노인의료복지시설,효담요양원,서울특별시 양천구 오목로 624층 (신월동),,
송파구,석촌동,노인의료복지시설,포도나무실버타운4호점,서울특별시 송파구 가락로 2 5층,,
송파구,석촌동,노인의료복지시설,포도나무실버타운3호점,서울특별시 송파구 가락로 2 5층,,
성북구,정릉동,노인의료복지시설,명성노인복지센터,서울특별시 성북구 보국문로4길 8,,
광진구,구의동,노인의료복지시설,광진원광실버센터,서울특별시 광진구 아차산로63길 35 (구의동),,
중랑구,망우동,노인의료복지시설,늘푸른요양원,서울특별시 중랑구 용마산로 488 유진빌딩 4층,,
양천구,신정동,노인의료복지시설,예덕효요양원,서울특별시 양천구 중앙로232 3층 (신정동),,
양천구,신정동,노인의료복지시설,정다운요양원,서울특별시 양천구 오목로 208 (신정동),,
중랑구,신내동,노인의료복지시설,두레노인요양원B,서울특별시 중랑구 신내로 45 해성빌딩 6층,,
관악구,신림동,노인의료복지시설,벧엘의집 요양원2,서울특별시 관악구 미성동96 2층 (신림동 미성빌딩),,
성동구,성수동2가,노인의료복지시설,서울숲재활요양원,서울특별시 성동구 뚝섬로 401-23층 (성수동2가),,
강북구,번동,노인의료복지시설,번동노인요양원,서울특별시 강북구 한천로105길24 202동 2층 (번동),,
성북구,동소문동7가,노인의료복지시설,성신노인요양원,서울특별시 성북구 동소문로13나길 110 (동소문동7가),,
강동구,천호동,노인의료복지시설,늘편한요양센터,서울특별시 강동구 구천면로318 4층 (천호동),,
중구,장충동2가,노인의료복지시설,구립중구노인요양센터,서울특별시 중구 필동로 96 (장충동2가),,
송파구,마천동,노인의료복지시설,송파그린요양원2,서울특별시 송파구 성내천로 208 신안빌딩 2층,,
서대문구,연희동,노인의료복지시설,연희시니어스,서울특별시 서대문구 연희로31길 8-7 (연희동),,
구로구,오류동,노인의료복지시설,행복요양원3,서울특별시 구로구 경인로23길 8,,
구로구,오류동,노인의료복지시설,행복요양원2,서울특별시 구로구 경인로23길 8,,
은평구,신사동,노인의료복지시설,써니요양원,서울특별시 은평구 증산로15길 26 (신사동),,
도봉구,쌍문동,노인의료복지시설,동그라미요양센터1호점,서울특별시 도봉구 쌍문동103 4층 (쌍문동 춘광빌딩),,
강동구,암사동,노인의료복지시설,황금나무너싱홈,서울특별시 강동구 고덕로27길33-27 101호 (암사동),,
관악구,신림동,노인의료복지시설,명지요양센터,서울특별시 관악구 난곡로316 6층 (신림동 진성타워(신사동)),,
광진구,자양동,노인의료복지시설,동부실버케어요양원,서울특별시 광진구 자양번영로 343층 (자양동),,
강동구,강일동,노인의료복지시설,대한연세요양원,서울특별시 강동구 고덕로 421 (강일동),,
금천구,독산동,노인의료복지시설,우리요양원,서울특별시 금천구 시흥대로 426-0426 영진빌딩 7층(독산동),,
노원구,상계동,노인의료복지시설,너싱홈돌봄과간호2,서울특별시 노원구 동일로 1550 고려프라자 601호,,
노원구,상계동,노인의료복지시설,너싱홈돌봄과간호1,서울특별시 노원구 동일로 1550 고려프라자 604호,,
도봉구,창동,노인의료복지시설,참존요양원,서울특별시 도봉구 도봉로136가길 4,,
강동구,암사동,노인의료복지시설,흰돌장기요양센터3호점,서울특별시 강동구 구천면로323 5층 (암사동 개나리프라자),,
강동구,암사동,노인의료복지시설,흰돌장기요양센터2호점,서울특별시 강동구 구천면로323 6층 (암사동 개나리프라자),,
강북구,미아동,노인의료복지시설,강북실버종합복지센터,서울특별시 강북구 오패산로 290 (미아동),,
노원구,상계동,노인의료복지시설,노원요양복지원,서울특별시 노원구 노원로 464 (상계동),,
도봉구,쌍문동,노인의료복지시설,동그라미요양센터2호점,서울특별시 도봉구 쌍문동103 3층 (쌍문동 춘광빌딩),,
송파구,마천동,노인의료복지시설,은빛노인요양공동생활가정3,서울특별시 송파구 거마로 99,,
송파구,마천동,노인의료복지시설,수실버노인요양센터,서울특별시 송파구 성내천로212 4층 (마천동),,
강서구,화곡동,노인의료복지시설,케어콜실버센터,서울특별시 강서구 강서로5나길 74 5층,,
도봉구,창동,노인의료복지시설,희망요양원,서울특별시 도봉구 덕릉로59길 20 (창동),,
관악구,신림동,노인의료복지시설,에덴요양원,서울특별시 관악구 조원로16길33 4층 401호 (신림동 중앙빌딩),,
종로구,평창동,노인의료복지시설,서울여자간호대학교 휴먼캐슬,서울특별시 종로구 평창길 318 (평창동),,
강서구,화곡동,노인의료복지시설,요안나요양원,서울특별시 강서구 화곡로 254,,
강북구,미아동,노인의료복지시설,민영요양센터2,서울특별시 강북구 삼양로184 5층 (미아동 유유빌딩)),,
중랑구,면목동,노인의료복지시설,면목요양원,서울특별시 중랑구 면목동61 3층 (면목동),,
마포구,공덕동,노인의료복지시설,설화요양원,서울특별시 마포구 만리재로 115송희빌딩 6층 (공덕동),,
중랑구,망우동,노인의료복지시설,예원요양원2호점,서울특별시 중랑구 용마산로 554 동화빌딩 2층,,
강서구,화곡동,노인의료복지시설,다복공동생활가정,서울특별시 강서구 화곡로 225-0225 4층 (화곡동),,
강동구,천호동,노인의료복지시설,늘편한요양원,서울특별시 강동구 천호1동318 3층 (천호동 성산빌딩),,
중랑구,상봉동,노인의료복지시설,효원노인복지센터D,서울 중랑구 상봉중앙로1길 12 4층,,
중랑구,상봉동,노인의료복지시설,효원노인복지센터C,서울 중랑구 상봉중앙로1길 12 4층,,
중랑구,상봉동,노인의료복지시설,효원노인복지센터B,서울 중랑구 상봉중앙로1길 12 3층,,
관악구,신림동,노인의료복지시설,강남한보리전문요양원,서울특별시 관악구 남부순환로 1529-1 (신림동),,
은평구,응암동,노인의료복지시설,마추미실버케어응암점,서울특별시 은평구 응암로13길11-7,,
노원구,중계동,노인의료복지시설,길요양원,서울특별시 노원구 한글비석로15길 48현대종합상가 4층 (중계동),,
영등포구,신길동,노인의료복지시설,가족사랑1,서울특별시 영등포구 도신로204 4층 (신길동),,
영등포구,신길동,노인의료복지시설,가족사랑2,서울특별시 영등포구 도신로204 3층 (신길동),,
강서구,방화동,노인의료복지시설,봄날강서요양원,서울특별시 강서구 양천로11길 15-11(방화동),,
강서구,화곡동,노인의료복지시설,맑은공동생활가정,서울특별시 강서구 화곡로225 6층 (화곡동),,
도봉구,방학동,노인의료복지시설,수노인요양공동생활가정1호점,서울특별시 도봉구 방학1동  도봉구청80 5층 (방학동),,
강동구,길동,노인의료복지시설,은혜요양원,서울특별시 강동구 양재대로124길41 (길동)   2층,,
송파구,오금동,재가노인복지시설,참사랑데이케어센터,서울특별시 송파구 마천로 89,,
동대문구,휘경동,재가노인복지시설,우리사랑재가노인지원센터,서울특별시 동대문구 휘경로12길 83(휘경동),,
동대문구,제기동,재가노인복지시설,동대문실버데이케어센터,서울특별시 동대문구 약령시로5길 223층 동대문실버데이케어센터,,
동작구,대방동,재가노인복지시설,한국씨니어노인복지센터,서울특별시 동작구 상도로30길 82층,,
양천구,목동,재가노인복지시설,목동종합사회복지관병설목동노인복지센터,서울특별시 양천구 목동중앙북로8길 104목동종합사회복지관 2층,,
서대문구,충정로3가,재가노인복지시설,효림재가노인지원센터,서울특별시 서대문구 경기대로9길 62-01-38,,
용산구,한강로동,재가노인복지시설,용산재가노인지원센터,서울특별시 용산구 한강대로 43길 13 대우아이빌 712호(한강로동),,
성북구,길음동,재가노인복지시설,길음노인복지센터,서울특별시 성북구 삼양로2길 55 (길음동),,
중구,신당동,재가노인복지시설,남산실버복지센터,서울특별시 중구 동호로5길 189 (신당동),,
은평구,응암동,재가노인복지시설,행복창조노인복지센터 방문요양 ,서울특별시 은평구 응암로21길 10(응암동),,
성동구,옥수동,재가노인복지시설,정수데이케어센터,서울특별시 성동구 한림말길 16-5 (옥수동),,
강서구,등촌동,재가노인복지시설,우리모두데이케어센터,서울특별시 강서구 화곡로63가길 92,,
관악구,난항동,재가노인복지시설,푸른햇살데이케어센터,서울특별시 관악구 난곡로 110(난항동),,
성동구,홍익동,재가노인복지시설,시립동부데이케어센터,서울특별시 성동구 마장로23길 12 (홍익동),,
동대문구,휘경동,재가노인복지시설,휘경데이케어센터,서울특별시 동대문구 망우로20가길 34-6(휘경동),,
강서구,화곡동,재가노인복지시설,한마음방문요양센터,서울특별시 강서구 초록마을로14길 44 (화곡동),,
강서구,화곡동,재가노인복지시설,참사랑재가노인지원센터,서울특별시 강서구 곰달래로 85 2층,,
마포구,공덕동,재가노인복지시설,아현노인복지센터,서울특별시 마포구 마포대로26길 19-0(공덕동),,
양천구,신정동,재가노인복지시설,어르신이행복한세상주야간보호센터,서울특별시 양천구 신월로 338원빌딩 2층,,
노원구,중계4동,재가노인복지시설,중계데이케어센터,서울특별시 노원구 덕릉로 662,,
노원구,상계동,재가노인복지시설,상계데이케어센터,서울특별시 노원구 덕릉로115나길 25상계데이케어센터 (상계동),,
은평구,갈현동,재가노인복지시설,갈현데이케어센터,서울특별시 은평구 통일로89길 12-6,,
동작구,상도동,재가노인복지시설,약수데이케어센터,서울특별시 동작구 양녕로36길 132층(상도동),,
마포구,연남동,재가노인복지시설,보사노인복지센터,서울특별시 마포구 성미산로29안길 302층 (연남동),,
송파구,송파동,재가노인복지시설,송파노인복지센터,서울특별시 송파구 백제고분로41길 19-24,,
서대문구,충정로3가,재가노인복지시설,효림데이케어센터,서울특별시 서대문구 경기대로9길 62 4층,,
동대문구,장안2동,재가노인복지시설,은천재가노인지원센터,서울특별시 동대문구 장한로27가길 53(장안2동),,
양천구,신월4동,재가노인복지시설,한빛데이케어센터,서울특별시 양천구 신월로11길 16(신월4동),,
금천구,시흥2동,재가노인복지시설,청담노인복지센터,서울특별시 금천구 금하로29길 36(시흥2동),,
관악구,봉천동,재가노인복지시설,한사랑복지센터,서울특별시 관악구 은천로 83-1,,
송파구,삼전동,재가노인복지시설,송파치매주.야간보호센터,서울특별시 송파구 백제고분로32길 41,,
서대문구,홍은동,재가노인복지시설,홍은데이케어센터,서울특별시 서대문구 홍은중앙로9길 21홍은중앙로9길 21 ,,
서초구,잠원동,재가노인복지시설,노인주간보호센터은빛마을,서울특별시 서초구 신반포로 33길 22(잠원동)반포종합사회복지관 2층,,
노원구,월계동,재가노인복지시설,노원1치매데이케어센터,서울특별시 노원구 월계로 372,,
구로구,수궁동,재가노인복지시설,궁동데이케어센터,서울특별시 구로구 부일로17길 158-4(수궁동),,
송파구,마천동,재가노인복지시설,그린리버노인복지센터,서울특별시 송파구 성내천로 189,,
서초구,서초동,재가노인복지시설,서초성심노인복지센터 주야간보호 ,서울특별시 서초구 반포대로22길 61(서초동 1558-15),,
마포구,공덕동,재가노인복지시설,마포노인복지센터부설마포재가노인지원센터,서울특별시 마포구 만리재로 9923층 (공덕동 헤이븐 오피스텔)(공덕동 헤이븐 오피스텔),오피스텔),
성동구,용답동,재가노인복지시설,다정노인복지센터,서울특별시 성동구 용답중앙11길 3-1 (용답동),,
구로구,구로3동,재가노인복지시설,정토데이케이센터,서울특별시 구로구 디지털로 31길 93(구로3동),,
관악구,봉천동,재가노인복지시설,관악노인종합사회복지관병설관악데이케어센터,서울특별시 관악구 보라매로 35(봉천동),,
광진구,군자동,재가노인복지시설,광진데이케어센터,서울특별시 광진구 군자로 88(군자동),,
마포구,성산동,재가노인복지시설,시립서부데이케어센터,서울특별시 마포구 월드컵로36길 15-0(성산동),,
강서구,가양동,재가노인복지시설,가양5데이케어센터,서울특별시 강서구 양천로57길 36,,
마포구,창전동,재가노인복지시설,마포데이케어센터,서울특별시 마포구 서강로 68 마포노인사회복지시설,,
중랑구,면목동,재가노인복지시설,기둥재가노인복지시설,서울특별시 중랑구 면목로33길 50,,
노원구,하계동,재가노인복지시설,시립노원노인종합복지관 병설노원데이케어센터,서울특별시 노원구 노원로16길 15 912동 B1층 (하계동 중계주공9단지아파트),,
성북구,종암동,재가노인복지시설,시립성북노인종합복지관 주간보호센터,서울특별시 성북구 종암로21길 21-4 (종암동),,
구로구,구로동,재가노인복지시설,구로노인종합복지관 병설 데이케어센터,서울특별시 구로구 새말로16길 7구로노인종합복지관 (구로동),,
송파구,거여동,재가노인복지시설,엘림노인복지원,서울특별시 송파구 거마로3길 14-32층,,
중랑구,면목동,재가노인복지시설,서울예정재가노인복지센터,서울특별시 중랑구 용마산로 348 5동 1504호,,
서대문구,천연동,재가노인복지시설,시립서대문노인종합복지관주간보호센터,서울특별시 서대문구 독립문로8길 57(천연동),,
중랑구,면목동,재가노인복지시설,중랑데이케어센터,서울특별시 중랑구 면목2동(면목동),,
강동구,고덕동,재가노인복지시설,성가정데이케어센터,서울특별시 강동구 양재대로156길 28(고덕동),,
성북구,성북동,재가노인복지시설,덕수노인복지센터,서울특별시 성북구 성북로28길 14(성북동),,
강남구,삼성동,재가노인복지시설,강남데이케어센터,서울특별시 강남구 삼성로 628삼성로 628,,
동작구,대방동,재가노인복지시설,동작데이케어센터,서울특별시 동작구 상도로11길 7?,,
강남구,일원2동,재가노인복지시설,목련데이케어센터,서울특별시 강남구 개포로 617-8(일원2동),,
도봉구,쌍문동,재가노인복지시설,도봉노인종합복지관주간보호센터,서울특별시 도봉구 도당로2길 12-13 ,,
용산구,한남동,재가노인복지시설,용산데이케어센터,서울특별시 용산구 독서당로11길 16 (한남동),,
강남구,개포동,재가노인복지시설,사 한국한아름복지회재가노인지원센터,서울특별시 강남구 개포로24길 29 지하1층 (개포동),,
영등포구,문래동3가,재가노인복지시설,구립영등포노인종합복지관병설데이케어센터,서울특별시 영등포구 도림로 482,,
성동구,마장동,재가노인복지시설,성동노인종합복지관병설성동데이케어센터,서울특별시 성동구 마조로 77 (마장동),,
양천구,신정7동,재가노인복지시설,양천어르신종합복지관병설양천데이케어센터,서울특별시 양천구 신정7동(신정7동),,
은평구,진관동,재가노인복지시설,시립은평노인종합복지관 은평데이케어센터,서울특별시 은평구 연서로 415(진관동),,
강남구,역삼동,재가노인복지시설,노인통합지원센터,서울특별시 강남구 봉은사로24길 70,,
강동구,명일2동,재가노인복지시설,시립강동노인복지관데이케어센터,서울특별시 강동구 고덕로62길 55,,
동대문구,청량리동,재가노인복지시설,동대문노인종합복지관병설주간보호센터,서울특별시 동대문구 제기로33길 25,,
영등포구,여의도동,재가노인복지시설,구립여의도원광데이케어센터,서울특별시 영등포구 여의대방로68길 15 영창빌딩 3층,,
강서구,등촌동,재가노인복지시설,강서노인복지관데이케어센터,서울특별시 강서구 화곡로61길 85,,
서초구,방배동,재가노인복지시설,성모노인복지센터,서울특별시 서초구 도구로 58-1,,
강북구,번동,재가노인복지시설,효노인복지센터,서울특별시 강북구 오현로 194덕수빌딩 2층 (번동),,
강북구,미아동,재가노인복지시설,강북노인복지센터,서울특별시 강북구 도봉로67길 48-6(미아동),,
강북구,미아동,재가노인복지시설,참사랑노인요양센터,서울특별시 강북구 오현로 326층 (청우빌딩 미아동),,
광진구,중곡동,재가노인복지시설,아차산노인복지센터,서울특별시 광진구 긴고랑로 164 (중곡동),,
송파구,마천동,재가노인복지시설,수실버간호센터,서울특별시 송파구 성내천로 212,,
노원구,공릉1동,재가노인복지시설,노원실버데이케어센터,서울특별시 노원구 동일로 1097(공릉 1동),,
강북구,수유동,재가노인복지시설,시립강북노인종합복지관병설강북노인주간보호센터,서울특별시 강북구 삼양로92길 40 (수유동),,
서대문구,홍은동,재가노인복지시설,구립서대문데이케어센터,서울특별시 서대문구 홍지문2길 59-0(홍은동),,
양천구,신정동,재가노인복지시설,신목행복자리데이케어센터,서울특별시 양천구 신목로 10 별관 1층,,
강남구,역삼동,재가노인복지시설,구립역삼데이케어센터,서울특별시 강남구 도곡로27길 27(역삼동),,
종로구,숭인동,재가노인복지시설,우리모두재가노인지원센터,서울특별시 종로구 지봉로12나길 1-0B02,,
광진구,중곡동,재가노인복지시설,열린재가노인지원서비스센터,서울특별시 광진구 용마산로 8 금광빌딩 4층,,
강남구,수서동,재가노인복지시설,명화데이케어센터,서울특별시 강남구 광평로51길 49 1층 명화데이케어센터,,
양천구,신정동,재가노인복지시설,구립양천데이케어센터,서울특별시 양천구 신월로 26-026(신정동),,
종로구,창신동,재가노인복지시설,종로데이케어센터,서울특별시 종로구 지봉로13길 82 (창신동),,
영등포구,대림동,재가노인복지시설,영등포재가노인복지센터,서울특별시 영등포구 대림로 884층 (대림동),,
서초구,신원동,재가노인복지시설,본마을데이케어센터,서울특별시 서초구 본마을2길 2(신원동 446),,
구로구,오류동,재가노인복지시설,소망데이케어센터,서울특별시 구로구 서해안로 2295 익준빌딩 4층,,
도봉구,방학동,재가노인복지시설,도봉실버데이케어센터,서울특별시 도봉구 시루봉로 133(방학동),,
강서구,화곡동,재가노인복지시설,강서구립봉제산데이케어센터,서울특별시 강서구 초록마을로15길 12,,
동작구,사당동,재가노인복지시설,사단법인한국씨니어연합동작재가노인지원센터,서울특별시 동작구 동작대로7길 363층 (사당동),,
노원구,월계동,재가노인복지시설,주사랑단기보호센터,서울특별시 노원구 광운로 48월계빌딩 2층,,
성북구,하월곡동,재가노인복지시설,진각재가노인지원센터,서울특별시 성북구 화랑로 21 서주빌딩 5층,,
은평구,진관동,재가노인복지시설,인덕재가노인복지센터,서울특별시 은평구 연서로48길 41,,
중구,신당5동,재가노인복지시설,중구재가노인지원센터,서울특별시 중구 퇴계로88길 37(신당5동),,
광진구,중곡동,재가노인복지시설,영화데이케어센터,서울특별시 광진구 동일로 322 양지빌딩 5층,,
서대문구,연희동,재가노인복지시설,연희데이케어센터,서울특별시 서대문구 성산로 271(연희동),,
동대문구,용신동,재가노인복지시설,동대문노인종합복지관부설구립명성데이케어센터,서울특별시 동대문구 무학로28길 22-2(용신동),,
관악구,남현동,재가노인복지시설,상록재가노인지원센터,서울특별시 관악구 남현길 63(남현동),,
송파구,마천동,재가노인복지시설,민들레데이케어센터,서울특별시 송파구 성내천로 193,,
강동구,천호2동,재가노인복지시설,강동구립해공데이케어센터,서울특별시 강동구 천중로17길 42-16(천호2동),,
은평구,신사2동,재가노인복지시설,신명데이케어센터,서울특별시 은평구 증산로15길 47(신사2동),,
동작구,노량진동,재가노인복지시설,구립재영데이케어센터,서울특별시 동작구 노량진로6다길 26재영교회 (노량진동),,
종로구,평창동,재가노인복지시설,보현데이케어센터,서울특별시 종로구 평창4길 21-22(평창동),,
관악구,인헌동,재가노인복지시설,수호데이케어센터,서울특별시 관악구 인헌길 161-9(인헌동),,
서초구,양재동,재가노인복지시설,서초노인주간보호센터,서울특별시 서초구 강남대로30길 73-7(양재동 7-44),,
구로구,구로동,재가노인복지시설,구립화원데이케어센터,서울특별시 구로구 벚꽃로 484 화원종합사회복지관 2층,,
강동구,둔촌동,재가노인복지시설, 사 굿하트전문사례관리강동재가센터,서울특별시 강동구 천호대로198길 8 (둔촌동),,
동작구,상도동,재가노인복지시설, 사 굿하트전문사례관리동작재가센터,서울특별시 동작구 양녕로28길 41,,
마포구,공덕동,재가노인복지시설,아현실버데이케어센터,서울특별시 마포구 환일길 3(공덕동),,
은평구,역촌동,재가노인복지시설,역촌데이케어센터,서울특별시 은평구 연서로3나길 11-303층 (역촌동),,
강남구,대치동,재가노인복지시설,구립대치데이케어센터,서울특별시 강남구 역삼로69길 22(대치동),,
서대문구,합동,재가노인복지시설,중앙소규모요양시설나형,서울특별시 서대문구 서소문로 43-49,,
동작구,흑석동,재가노인복지시설,흑석데이케어센터,서울특별시 동작구 흑석한강로 13 서울남부교회 3층,,
금천구,독산동,재가노인복지시설,굿하트 금천재가노인지원센터,서울특별시 금천구 시흥대로 399 시티렉스 314호,,
마포구,공덕동,재가노인복지시설,마포노인복지센터 데이케어센터 ,서울특별시 마포구 만리재옛12길 6-2,,
종로구,연지동,재가노인복지시설,우영가정봉사원파견센터재가노인복지센터,서울특별시 종로구 김상옥로 18-5,,
성동구,성수동1가,재가노인복지시설,구립성수1가2동서울숲데이케어센터,서울특별시 성동구 왕십리로5길 3성수1가제2동 공공복합청사 3층 (성수동1가),,
서초구,방배동,재가노인복지시설,서초어르신행복e음센터,서울특별시 서초구 방배중앙로 159 62층,,
마포구,상수동,재가노인복지시설, 구립 마포어르신돌봄통합센터,서울특별시 마포구 토정로 148 142층,,
노원구,상계동,재가노인복지시설,노원구어르신돌봄지원센터,서울특별시 노원구 상계로23길 17원터행복발전소 3층 (상계동),,
강동구,암사동,재가노인복지시설,행복한세상복지센터,서울특별시 강동구 구천면로57길 241층 (암사동),,
구로구,구로동,재가노인복지시설,구로어르신돌봄통합센터,서울특별시 구로구 디지털로27다길 65지하1층 (구로동),,
동대문구,답십리동,재가노인복지시설,맑은샘단기보호센터,서울특별시 동대문구 한천로37길19 2층 (답십리동 창승빌딩 A동),,
중랑구,면목동,재가노인복지시설,면목요양원,서울특별시 중랑구 상봉로61 (면목동),,
은평구,구산동,재가노인복지시설,은평어르신돌봄통합지원센터,서울특별시 은평구 연서로13길 29-73층 (구산동 은평어르신돌봄통합지원센터),,
성북구,하월곡동,재가노인복지시설,동행데이케어센터,서울특별시 성북구 오패산로1길1 2층 (하월곡동),,
마포구,창전동,재가노인복지시설,샬렘재가노인복지센터,서울특별시 마포구 서강로1길12-9 (창전동 6 7층),,
성동구,상왕십리동,재가노인복지시설,왕십리도선동노인복지센터병설데이케어센터,서울특별시 성동구 마장로141 (상왕십리동),,
노원구,월계동,재가노인복지시설,참조은재가복지센타,서울특별시 노원구 월계로55길3 (월계동 사슴아파트3단지 상가 202호),,
은평구,구산동,재가노인복지시설,구산데이케어센터,서울특별시 은평구 연서로13길 29-7구산보건지소 4층,,
중랑구,망우동,재가노인복지시설,양원사랑데이케어센터,서울특별시 중랑구 양원역로16길103-31 (망우동),,
서대문구,북가좌동,재가노인복지시설,구립북가좌데이케어센터,서울특별시 서대문구 증가로20길43 (북가좌동),,
성북구,동소문동4가,재가노인복지시설,동소문데이케어센터,서울특별시 성북구 동소문로11길18 101호 (동소문동4가 삼총사타운),,
구로구,개봉동,재가노인복지시설,미소들주야간보호센터,서울특별시 구로구 고척로21나길88-41 (개봉동),,
광진구,구의동,재가노인복지시설,광진어르신복지센터,서울특별시 광진구 자양로 51길 11-25,,
동작구,상도동,재가노인복지시설,청운데이케어센터,서울특별시 동작구 국사봉1길 145청운노인복지센터 6층,,
노원구,중계2.3동,재가노인복지시설,평화행복한데이케어센터,서울특별시 노원구 노원로 331,,
노원구,중계동,재가노인복지시설,시립중계노인전문요양원병설데이케어센터,서울특별시 노원구 섬밭로 313 시립중계노인전문요양원 병설 데이케어센터(중계동),,
송파구,장지동,재가노인복지시설,송파버들데이케어센터,서울특별시 송파구 충민로 184,,
강동구,천호2동,재가노인복지시설,강동구립쉼터데이케어센터,서울특별시 강동구 올림픽로89길 27-23(천호2동),,
성북구,정릉동,재가노인복지시설,길음안나데이케어센터,서울특별시 성북구 길음로9길 46(길음1동) (정릉동),,
영등포구,신길동,재가노인복지시설,대길홈케어센터,서울특별시 영등포구 영등포로 84길 24-143층 (신길동 대길사회복지재단),,
성북구,정릉2동,재가노인복지시설,정릉데이케어센터,서울특별시 성북구 솔샘로 8(정릉2동),,
동작구,상도1동,재가노인복지시설,상도데이케어센터,서울특별시 동작구 상도로39가길 7-0(상도1동),,
마포구,망원동,재가노인복지시설,망원데이케어센터,서울특별시 마포구 월드컵로11길 61(망원동),,
영등포구,문래동3가,재가노인복지시설,구립영등포노인케어센터 병설 엘림데이케어센터,서울특별시 영등포구 도림로 482구립영등포노인케어센터 1층 (문래동3가),,
중랑구,중화동,재가노인복지시설,중화데이케어센터,서울특별시 중랑구 동일로138길 28(중화동),,
마포구,서교동,재가노인복지시설,보사노인복지센터 데이케어 ,서울특별시 마포구 동교로 132-3,,
도봉구,쌍문동,재가노인복지시설,다솜장기요양센터,서울특별시 도봉구 해등로 337-12 (쌍문동),,
마포구,창전동,재가노인복지시설,창전데이케어센터,서울특별시 마포구 서강로1길 30-04층,,
구로구,구로동,재가노인복지시설,사랑나눔노인복지센터,서울특별시 구로구 구로동로 241,,
강남구,논현2동,재가노인복지시설,강남논현데이케어센터,서울특별시 강남구 논현로136길 5-8(논현2동),,
강서구,등촌동,재가노인복지시설,서울시니어스타워 주 ,서울특별시 강서구 화곡로68길 102,,
구로구,고척동,재가노인복지시설,희망주야간보호센터,서울특별시 구로구 중앙로 79 꿈의교육관 2층,,
관악구,신림동,재가노인복지시설,남부데이케어센터,서울특별시 관악구 조원로 166-1대신빌딩 1층(신림동),,
강남구,역삼동,재가노인복지시설,역삼재가노인데이케어센터,서울특별시 강남구 언주로70길 18(역삼동),,
영등포구,대림동,재가노인복지시설,우리집데이케어센터,서울특별시 영등포구 디지털로 398 (대림동)3층,,
용산구,효창동,재가노인복지시설,구립용산노인데이케어센터,서울특별시 용산구 효창원로93길 51,,
성동구,옥수동,재가노인복지시설,옥수재가노인지원센터,서울특별시 성동구 한림말길 16-5(옥수동),,
동대문구,청량리동,재가노인복지시설,동대문노인종합복지관부설구립데이케어센터,서울특별시 동대문구 홍릉로 81,,
중랑구,면목동,재가노인복지시설,면목종합사회복지관병설면목데이케어센터,서울특별시 중랑구 용마산로 228,,
도봉구,방학동,재가노인복지시설,도봉재가노인지원센터,서울특별시 도봉구 시루봉로 130,,
강서구,등촌동,재가노인복지시설,훼미피아데이케어센터,서울특별시 강서구 공항대로39길 59,,
관악구,봉천동,재가노인복지시설,관악미르사랑데이케어센터,서울특별시 관악구 은천로 25,,
은평구,신사동,재가노인복지시설,은평신사데이케어센터,서울특별시 은평구 은평로 6신수빌딩 2층 (신사동),,
은평구,불광동,재가노인복지시설,불광데이케어센터,서울특별시 은평구 연서로32길 17-11,,
중구,신당동,재가노인복지시설,신당데이케어센터,서울특별시 중구 다산로25길 6,,
서초구,방배동,재가노인복지시설,서초구립방배데이케어센터,서울특별시 서초구 방배천로16길 5,,
영등포구,당산동3가,재가노인복지시설,구립당산데이케어센터,서울특별시 영등포구 국회대로28길 17한얼빌딩 (당산동3가),,
동대문구,휘경동,재가노인복지시설,삼육서울병원재가노인복지센터,서울특별시 동대문구 망우로 82,,
강동구,천호1동,재가노인복지시설,천호재가노인지원센터,서울특별시 강동구 구천면로68나길 10-1(천호1동),,
송파구,문정동,재가노인복지시설,문정데이케어센터,서울특별시 송파구 동남로4길 36,,
성북구,정릉동,재가노인복지시설,성북미르사랑데이케어센터,서울특별시 성북구 보국문로 10 부광빌딩 5층,,
강서구,화곡동,재가노인복지시설,강서구립연지데이케어센터,서울특별시 강서구 화곡로58길 30-7,,
마포구,망원동,재가노인복지시설,한서데이케어센터,서울특별시 마포구 월드컵로13길 80,,
강북구,우이동,재가노인복지시설,강북재가노인지원센터,서울특별시 강북구 삼양로 579-02층,,
강동구,둔촌동,재가노인복지시설,강동미르사랑데이케어센터,서울특별시 강동구 천호대로 1210 은선빌딩 4층,,
영등포구,양평동3가,재가노인복지시설,영등포재가노인지원센터,서울특별시 영등포구 선유서로34길 10 (양평동3가),,
영등포구,양평동3가,재가노인복지시설,구립영등포노인복지센터 병설 데이케어센터,서울특별시 영등포구 선유서로34길 103층 (양평동3가),,
은평구,구산동,재가노인복지시설,재가노인지원서비스센터,서울특별시 은평구 연서로 13길 29-7 (구산동),,
성동구,금호동4가,재가노인복지시설,금호데이케어센터,서울특별시 성동구 독서당로 272 (금호동4가 금호동 대우아파트),,
종로구,청운동,재가노인복지시설,청운실버데이케어센터,서울특별시 종로구 자하문로28길 29 (청운동),,
강서구,등촌동,재가노인복지시설,강서시니어스주야간보호센터,서울특별시 강서구 공항대로 315 (등촌동),,
영등포구,대림동,재가노인복지시설,에녹요양협동조합 주야간보호센터,서울특별시 영등포구 가마산로 3133층 (대림동),,
은평구,갈현동,재가노인복지시설,갈현동성당데이케어센터,서울특별시 은평구 통일로83길 24-9 (갈현동),,
은평구,진관동,재가노인복지시설,구파발성당데이케어센터,서울특별시 은평구 진관2로 29-16 (진관동),,
성동구,성수동2가,재가노인복지시설,서울숲단기보호센터,서울특별시 성동구 뚝섬로 401-24층 (성수동2가),,
성동구,금호동2가,재가노인복지시설,금호동성당데이케어센터,서울특별시 성동구 무수막18길 36 (금호동2가),,
성동구,홍익동,재가노인복지시설,왕십리성당데이케어센터,서울특별시 성동구 무학로10길 21 (홍익동),,
성동구,사근동,재가노인복지시설,성동구립사근동데이케어센터,서울특별시 성동구 사근동길 37 (사근동),,
성동구,성수동2가,재가노인복지시설,성수데이케어센터,서울특별시 성동구 성덕정길 79 (성수동2가),,
성동구,금호동2가,재가노인복지시설,금호무지개노인복지센터,서울특별시 성동구 금호로13길 17201호 (금호동2가),,
강동구,천호동,재가노인복지시설,천호동성당데이케어센터,서울특별시 강동구 구천면로 236-15층 (천호동),,
동대문구,용두동,재가노인복지시설,에이스희망케어센터,서울특별시 동대문구 고산자로 420경동프라자 6층 (용두동),,
구로구,오류동,재가노인복지시설,삼농데이케어센터,서울특별시 구로구 오류로8길84 (오류동),,
노원구,상계동,재가노인복지시설,당고개재가노인복지시설,서울특별시 노원구 상계동 1008-1211 (상계동 신천지빌딩 4층),,
서초구,방배동,재가노인복지시설,까리따스데이케어센터,서울특별시 서초구 남부순환로2124 4층 (방배동 3274),,
강북구,우이동,재가노인복지시설, 사 우이데이케어센터,서울특별시 강북구 삼양로579 2층 (우이동),,
노원구,공릉동,재가노인복지시설,태릉데이케어센터,서울특별시 노원구 동일로176길47-18 (공릉동),,
중랑구,신내동,재가노인복지시설,유린원광방문요양센터,서울특별시 중랑구 신내로 56(신내동),,
광진구,자양동,재가노인복지시설,광진노인보호센터,서울특별시 광진구 뚝섬로58길13 (자양동),,
중랑구,상봉동,재가노인복지시설,중랑재가노인복지센터,서울특별시 중랑구 봉우재로151 2층 (상봉동),,
양천구,신정동,재가노인복지시설,전인복지센터,서울특별시 양천구 목동남로52 (신정동)2층,,
중랑구,묵동,재가노인복지시설,사랑과섬김요양원단기보호,서울특별시 중랑구 동일로 905 창성빌딩 2층,,
강북구,번동,재가노인복지시설,삼동재가방문요양센터,서울특별시 강북구 한천로105길24 202동 (번동),,
서대문구,홍은동,재가노인복지시설,여민데이케어센터,서울특별시 서대문구 증가로4길58-6 (홍은동),,
성북구,돈암동,재가노인복지시설,성북희망데이케어센터,서울특별시 성북구 동소문로190 3층  4층 (돈암동 중앙빌딩),,
용산구,한남동,재가노인복지시설,구립한남데이케어센터,서울특별시 용산구 독서당로103 (한남동),,
노원구,월계동,재가노인복지시설,부모사랑데이케어센터,서울특별시 노원구 월계로338 상가A동 501호 (월계동 신도브래뉴),,
금천구,시흥동,재가노인복지시설,금빛데이케어센터,서울특별시 금천구 탑골로2길8 3층 (시흥동),,
중랑구,신내동,재가노인복지시설,두레주야간보호센터,서울특별시 중랑구 신내로 45해성빌딩 601호 (신내동),,
강남구,세곡동,재가노인복지시설,국민건강보험공단서울요양원주야간보호센터,서울특별시 강남구 헌릉로590길50 (세곡동),,
양천구,신월동,재가노인복지시설,참마음노인복지센터,서울특별시 양천구 지양로13길 6201호 (신월동),,
송파구,문정동,재가노인복지시설,훼밀리데이케어센터,서울특별시 송파구 송파대로27길 26-03층,,
영등포구,신길동,재가노인복지시설,사회적협동조합 가가호호돌봄센터,서울특별시 영등포구 영등포로64길 311층 (신길동),,
서울특별시,상도동,재가노인복지시설, 사 굿하트데이케어센터,서울특별시 동작구 상도로 121영진빌딩 4층(상도동),,
강북구,수유동,재가노인복지시설,가온요양원1주야간,서울특별시 강북구 한천로 1075 대광빌딩 3층,,
마포구,성산동,재가노인복지시설,성산노인복지센터,서울특별시 마포구 월드컵북로12안길68 1층 (성산동),,
용산구,효창동,재가노인복지시설,구립효창데이케어센터,서울특별시 용산구 효창원로146-12 (효창동),,
중랑구,신내동,재가노인복지시설,구립신내노인종합복지관 병설 신내데이케어센터,서울특별시 중랑구 신내로15길175 1층 (신내동 구립신내노인주간보호센터),,
중랑구,망우동,재가노인복지시설,시립중랑노인전문요양원병설데이케어센터,서울특별시 중랑구 양원역로38 1층 (망우동 시립중랑노인전문요양원),,
마포구,염리동,재가노인복지시설,서울종합데이케어센터,서울특별시 마포구 숭문길36 (염리동),,
강서구,내발산동,재가노인복지시설,강서실버센터,서울특별시 강서구 강서로45길174 4층 (내발산동 sm타워),,
광진구,자양동,재가노인복지시설,늘푸른돌봄센터,서울특별시 광진구 능동로53 2층 (자양동),,
성북구,동소문동3가,재가노인복지시설,삼선데이케어센터,서울특별시 성북구 동소문로 40 6층 (동소문동3가),,
종로구,혜화동,재가노인복지시설,혜화동성당데이케어센터,서울특별시 종로구 혜화로12길14-9 (혜화동),,
구로구,오류동,재가노인복지시설,그레이스 실버데이케어센터,서울특별시 구로구 서해안로 2295 2층 (오류동),,
강서구,화곡동,재가노인복지시설,화곡본동성당데이케어센터,서울특별시 강서구 까치산로2길 43 5층,,
관악구,신림동,재가노인복지시설,신림성모성당데이케어센터,서울특별시 관악구 봉천로18길 12-012 (신림동),,
강북구,미아동,재가노인복지시설,사랑나눔데이케어센터,서울특별시 강북구 도봉로 2434층 (미아동),,
금천구,시흥동,재가노인복지시설,시흥4동성당데이케어센터,서울특별시 금천구 독산로38길10 (시흥동),,
구로구,고척동,재가노인복지시설,고척동성당데이케어센터,서울특별시 구로구 고척로52나길42 3층 (고척동성당),,
관악구,봉천동,재가노인복지시설,행운동성당데이케어센터,서울특별시 관악구 행운4길39 (봉천동),,
중구,신당동,재가노인복지시설,신당동성당데이케어센터,서울특별시 중구 동호로20다길9 (신당동),,
영등포구,당산동3가,재가노인복지시설,구립영등포치매전문데이케어센터,서울특별시 영등포구 당산로29길9 5층 (당산동3가),,
금천구,독산동,재가노인복지시설,엘림데이케어센터,서울특별시 금천구 범안로 12565 ,,
광진구,구의동,재가노인복지시설, 사 굿하트재가노인지원센터,서울특별시 광진구 천호대로 699일천빌딩 302호 (구의동),,
중랑구,망우동,재가노인복지시설, 협 효마을중랑복지촌 2호,서울특별시 중랑구 용마공원로3길24-10 지층층 (망우동),,
관악구,봉천동,재가노인복지시설,엔젤복지센터,서울특별시 관악구 중앙길 32 1층 (봉천동),,
영등포구,대림동,재가노인복지시설, 주 감사하는사람들노인복지센터,서울특별시 영등포구 시흥대로 649301호 (대림동),,
송파구,가락동,재가노인복지시설,가족사랑 단기보호센터,서울특별시 송파구 오금로36길 572 (가락동),,
양천구,신월동,재가노인복지시설,밝은내데이케어센터,서울특별시 양천구 신월로24길 19 (신월동),,
강북구,수유동,재가노인복지시설,수유실버데이케어센터,서울특별시 강북구 노해로23길 94수유실버데이케어센터,,
양천구,신정동,재가노인복지시설,늘푸른한가족데이케어센터,서울특별시 양천구 오목로 1813층 (신정동),,
강북구,미아동,재가노인복지시설,미아실버데이케어센터,서울특별시 강북구 솔매로43길 25,,
강남구,자곡동,재가노인복지시설,서울시니어스강남타워 데이케어센터,서울특별시 강남구 자곡로100-2,,
중구,신당동,재가노인복지시설,인애데이케어센터,서울특별시 중구 퇴계로80길 45-6601호 (신당동),,
관악구,봉천동,재가노인복지시설,우리사이 재가장기요양센터,서울특별시 관악구 양녕로 61 3층층 (봉천동),,
양천구,목동,재가노인복지시설,목동실버데이케어센터,서울특별시 양천구 목동중앙로3길 21목동실버복지문화센터 (목동),,
금천구,시흥동,재가노인복지시설,금천노인종합복지관 병설 금천데이케어센터,서울특별시 금천구 시흥대로51길93-32 (시흥동),,
강서구,방화동,재가노인복지시설, 주 롱라이프그린케어 강서재가노인복지센터,서울특별시 강서구 양천로100-1 3 4층 (방화동 수현빌딩),,
강서구,등촌동,재가노인복지시설,88등촌데이케어센터,서울특별시 강서구 화곡로61길 41-1 (등촌동 삼영빌딩),,
관악구,봉천동,재가노인복지시설,두드림복지센터,서울특별시 관악구 행운1길70 지층층 2호호 (봉천동),,
강북구,수유동,재가노인복지시설,사회복지법인 운가자비원 운가데이케어센터,서울특별시 강북구 삼양로112길 51층 (수유동),,
관악구,신림동,재가노인복지시설,효사랑데이케어센터,서울특별시 관악구 신림로12길18 4층층 (신림동 명성빌딩),,
노원구,공릉동,재가노인복지시설,태릉365데이케어센터,서울특별시 노원구 화랑로421 3층 (공릉동 한일휴니스빌),,
송파구,가락동,재가노인복지시설,잠실데이케어센터,서울특별시 송파구 오금로36길 392~4층 (가락동),,
도봉구,쌍문동,재가노인복지시설,작은베들레헴데이케어센터,서울특별시 도봉구 우이천로45길 22-9 (쌍문동),,
강서구,등촌동,재가노인복지시설,국민재가복지센터,서울특별시 강서구 공항대로41길66 (등촌동),,
중랑구,묵동,재가노인복지시설,실버캐슬요양센터,서울특별시 중량구 동일로 890 메스트빌딩 6층,,
양천구,목동,재가노인복지시설,목동중앙데이케어센터,서울특별시 양천구 목동중앙북로7가길 605층 (목동),,
중랑구,묵동,재가노인복지시설,카멜리아요양원 단기보호,서울특별시 중랑구 동일로 933 6층 7층층 (묵동 수정빌딩),,
강서구,내발산동,재가노인복지시설,강서힐링데이케어센터,서울특별시 강서구 수명로68-23 7~8층층 (내발산동 유광타워),,
송파구,송파동,재가노인복지시설,희나리데이케어센터,서울특별시 송파구 백제고분로42길 5-0 (송파동)5 (송파동),,
강서구,화곡동,재가노인복지시설,사회적협동조합 강서나눔돌봄재가센터,서울특별시 강서구 강서로18길 14-0 5층 (화곡동),,
동작구,대방동,재가노인복지시설,더사랑데이케어센터,서울특별시 동작구 알마타길 21-424층 (대방동),,
동대문구,제기동,재가노인복지시설,홍릉단기보호센터,서울특별시 동대문구 제기로72 5층 (제기동 홍릉단기보호센터),,
강남구,신사동,재가노인복지시설,압구정데이케어센터 ,서울특별시 강남구 도산대로53길5 (신사동),,
강남구,논현동,재가노인복지시설,강남구립 세심정데이케어센터 ,서울특별시 강남구 논현로115길 35-1 (논현동),,
강남구,신사동,재가노인복지시설,학수정데이케어센터 ,서울특별시 강남구 도산대로17길 45 (신사동),,
송파구,마천동,재가노인복지시설,마천데이케어센터,서울특별시 송파구 마천로65길 41층 (마천동 마천종합사회복지관),,
강북구,미아동,재가노인복지시설,닮터데이케어센터,서울특별시 강북구 오현로 323층 (미아동),,
동대문구,답십리동,재가노인복지시설,소풍데이케어센터,서울특별시 동대문구 한천로137 2~3층 (답십리동),,
관악구,신림동,재가노인복지시설,아가페주야간보호센터,서울특별시 관악구 난곡로 341-0 (신림동)341 4층 (신림동 현진빌딩),,
중랑구,망우동,재가노인복지시설,중랑제일주야간보호센터,서울특별시 중랑구 용마산로112길 90-0 (망우동)90 2층 (망우동),,
중랑구,망우동,재가노인복지시설,평강요양원단기보호센터,서울특별시 중랑구 용마산로112길 90 3층 (망우동 성공빌딩),,
중랑구,상봉동,재가노인복지시설,삼연요양원,서울특별시 중랑구 봉우재로79 5층 (상봉동),,
광진구,자양동,재가노인복지시설,더행복데이케어센터,서울특별시 광진구 자양로88 5층 (자양동 광영빌딩),,
중랑구,신내동,재가노인복지시설,가천단기보호센터,서울특별시 중랑구 신내로14길13 4층 (신내동),,
강서구,등촌동,재가노인복지시설,위포유재가복지센터,서울특별시 강서구 화곡로61길 100 301호 (등촌동),,
양천구,신정동,재가노인복지시설,나이팅게일데이케어센터,서울특별시 양천구 신월로 3045층 (신정동),,
강서구,방화동,재가노인복지시설,강서샬롬데이케어센터,서울특별시 강서구 방화동로 115-0 (방화동)115 4층 (방화동),,
중랑구,상봉동,재가노인복지시설,엘림요양원 단기보호,서울특별시 중랑구 봉우재로 79 3층 (상봉동 화성빌딩),,
양천구,신월동,재가노인복지시설,사랑초 데이케어센터,서울특별시 양천구 지양로 152 지층 (신월동),,
은평구,구산동,재가노인복지시설,다솜실버데이케어센터,서울특별시 은평구 서오릉로15길 5-11 (구산동),,
강동구,성내동,재가노인복지시설, 주 KB골든라이프케어 강동케어센터,서울특별시 강동구 강동대로 143-52 6층 (성내동),,
영등포구,여의도동,재가노인복지시설,가온실버복지센터,서울특별시 영등포구 여의대방로 379 8층 14-1호 (여의도동 제일빌딩),,
노원구,중계동,재가노인복지시설,효사랑나눔데이케어센터,서울특별시 노원구 덕릉로 712-423층 (중계동),,
중랑구,망우동,재가노인복지시설,정원단기요양센타,서울특별시 중랑구 용마산로112길 90 4층 (망우동),,
중랑구,면목동,재가노인복지시설,꿈이있는데이케어센터,서울특별시 중랑구 동일로 680 (면목동),,
송파구,석촌동,재가노인복지시설,신효데이케어앤드 주식회사,서울특별시 송파구 가락로 45 3 4층 (석촌동 백우빌딩),,
성북구,석관동,재가노인복지시설,석관데이케어센터,서울특별시 성북구 화랑로 278 6층 (석관동),,
관악구,봉천동,재가노인복지시설,관악미르친구데이케어센터,서울특별시 관악구 은천로 25 3층 (봉천동 정암빌딩),,
중랑구,신내동,재가노인복지시설,무지개 재가노인복지센터,서울특별시 중랑구 신내로 115 104호 (신내동 신내아파트),,
관악구,봉천동,재가노인복지시설,관악중앙데이케어센터,서울특별시 관악구 봉천로 421 3층 (봉천동 샤인텔),,
구로구,개봉동,재가노인복지시설,예성주야간보호센터,서울특별시 구로구 고척로18길 15 1층 (개봉동),,
은평구,신사동,재가노인복지시설,상지재가장기요양기관,서울특별시 은평구 가좌로 292-6 (신사동),,
관악구,신림동,재가노인복지시설,서림노인복지센터,서울특별시 관악구 신림로 211 2층 (신림동 미보빌딩),,
구로구,구로동,재가노인복지시설,구로제일데이케어센터,서울특별시 구로구 가마산로27길 14 34층 (구로동),,
중랑구,면목동,재가노인복지시설,스마일시니어 데이케어센터 중랑지점,서울특별시 중랑구 용마산로 434 2층 (면목동 에코빌딩),,
노원구,상계동,재가노인복지시설,수락데이케어센터,서울특별시 노원구 수락산로222 4층 (상계동),,
중랑구,망우동,재가노인복지시설,예원주야간보호센터,서울특별시 중랑구 용마산로 554 2층 (망우동 동화빌딩),,
강동구,성내동,재가노인복지시설,강동미르친구데이케어센터,서울특별시 강동구 천호옛14길 37 3층 (성내동),,
송파구,삼전동,재가노인복지시설,A플러스잠실데이케어센터,서울특별시 송파구 백제고분로 235 24층 (삼전동 태현빌딩),,
강동구,길동,재가노인복지시설,가온데이케어센터,서울특별시 강동구 천호대로 12036~7층 (길동),,
중랑구,면목동,재가노인복지시설, 주 가가호호재가주간복지센터,서울특별시 중랑구 겸재로54길 99 (면목동),,
금천구,시흥동,재가노인복지시설, 사 굿하트 금천데이케어센터,서울특별시 금천구 시흥대로 214-0 (시흥동)214 12층 (시흥동 비즈메드 빌딩),빌딩),
구로구,고척동,재가노인복지시설,효도로어르신학교 데이케어센터 ,서울특별시 구로구 경인로393-7 2동 8층 (고척동),,
강동구,성내동,재가노인복지시설,성내데이케어센터,서울특별시 강동구 풍성로 138-0 (성내동)138 4~6층 (성내동),,
중랑구,상봉동,재가노인복지시설,다애요양원 단기보호 ,서울특별시 중랑구 망우로 262 2층 (상봉동 뉴월드빌딩),,
노원구,공릉동,재가노인복지시설,공릉데이케어센터,서울특별시 노원구 동일로 1127 (공릉동),,
송파구,거여동,재가노인복지시설,송파 365데이케어센터,서울특별시 송파구 거마로 12 2층 (거여동),,
동대문구,답십리동,재가노인복지시설,소망단기보호센터,서울특별시 동대문구 한천로37길 19 (답십리동),,
관악구,신림동,재가노인복지시설,100세데이케어센터 한국복지협동조합 ,서울특별시 관악구 난곡로63가길 60 4층 (신림동),,
서대문구,연희동,재가노인복지시설,굿 데이케어센터,서울특별시 서대문구 연희로 165 2층 (연희동),,
성북구,정릉동,재가노인복지시설,명성노인복지센터,서울특별시 성북구 보국문로4길 8 2층 (정릉동),,
서대문구,남가좌동,재가노인복지시설,남가좌데이케어센터,서울특별시 서대문구 명지대길 103 1층 (남가좌동),,
동작구,신대방동,재가노인복지시설,고운케어재가복지센터,서울특별시 동작구 보라매로 106 3층 (신대방동),,
강서구,등촌동,재가노인복지시설,엔젤리아데이케어센터,서울특별시 강서구 공항대로41길 34-0 (등촌동)34 203호 (등촌동),,
중랑구,면목동,재가노인복지시설,구립용마데이케어센터,서울특별시 중랑구 용마산로94길 98-0 (면목동)98 (면목동),,
성동구,성수동1가,재가노인복지시설, 주 성동돌봄센터,서울특별시 성동구 뚝섬로1길 56 501호 (성수동1가),,
강남구,역삼동,재가노인복지시설,역삼사랑데이케어센터,서울특별시 강남구 논현로72길 16 (역삼동),,
서대문구,북가좌동,재가노인복지시설,장수재가복지센터,서울특별시 서대문구 응암로 145 2층 (북가좌동),,
서대문구,홍은동,재가노인복지시설,백산데이케어센터,서울특별시 서대문구 모래내로 285 4층 (홍은동 현대빌딩),,
도봉구,쌍문동,재가노인복지시설,동행데이케어센터도봉점,서울특별시 도봉구 도봉로 569-0 (쌍문동)569 3층 (쌍문동),,
강북구,수유동,재가노인복지시설,'강북햇살데이케어센터',서울특별시 강북구 삼양로 438 (수유동 한일빌딩 2층),,
구로구,고척동,재가노인복지시설,우리들주야간보호센터,서울특별시 구로구 고척로 228-6 5층 (고척동),,
구로구,고척동,재가노인복지시설,구로 휴 인지재활 데이케어센터,서울특별시 구로구 중앙로 95층 (고척동)(고척동),,
동대문구,답십리동,재가노인복지시설,동대문노인종합복지관 부설구립동안데이케어센터,서울특별시 동대문구 황물로 30 1~2층 (답십리동),,
금천구,독산동,재가노인복지시설,금천호암노인복지센터,서울특별시 금천구 독산로72길 86-5 (독산동),,
서대문구,홍은동,재가노인복지시설,구세군홍제데이케어센터,서울특별시 서대문구 홍은중앙로 113 3층 (홍은동 홍은빌딩),,
중구,중림동,재가노인복지시설,구립중림어르신데이케어센터,서울특별시 중구 서소문로6길 16 4층 (중림동),,
양천구,목동,재가노인복지시설,굿모닝데이케어센터 굿모닝재가복지센터,서울특별시 양천구 공항대로 594 2층 (목동),,
강남구,개포동,재가노인복지시설,한마음실버빌 노인복지센터,서울특별시 강남구 논현로12길 19-4 2~3층 (개포동),,
동대문구,제기동,재가노인복지시설,경동효림단기보호센터,서울특별시 동대문구 고산자로 476 4층 (제기동),,
송파구,방이동,재가노인복지시설,사랑드림주야간보호센터,서울특별시 송파구 백제고분로 469 3 4층 (방이동 가응빌딩),,
중랑구,중화동,재가노인복지시설, 주 가족 건강돌봄센터,서울특별시 중랑구 망우로 217 2층 (중화동),,
송파구,거여동,재가노인복지시설,늘봄노인주야간보호센터,서울특별시 송파구 마천로 264 5층 (거여동 흥일빌딩),,
중랑구,면목동,재가노인복지시설,늘봄재가노인복지센터,서울특별시 중랑구 겸재로 204 2층 (면목동),,
영등포구,대림동,재가노인복지시설,구립대림1동데이케어센터,서울특별시 영등포구 디지털로 4412층 (대림동),,
영등포구,신길동,재가노인복지시설,구립신길5동데이케어센터,서울특별시 영등포구 도림로80길 6 2층~3층(신길동),,
동대문구,이문동,재가노인복지시설,서울데이케어센터,서울특별시 동대문구 신이문로 27 7~8층 (이문동),,
은평구,응암동,재가노인복지시설,응암데이케어,서울특별시 은평구 백련산로 133 6층 (응암동),,
양천구,신정동,재가노인복지시설,우리실버홈케어복지센터,서울특별시 양천구 신정중앙로 52 3층 307호 (신정동),,
중랑구,중화동,재가노인복지시설, A  한성노인복지센터,서울특별시 중랑구 봉화산로 101 (중화동),,
동작구,상도동,재가노인복지시설,숲데이케어센터,서울특별시 동작구 상도로68길 1-20 (상도동) 2층 (상도동),,
강서구,방화동,재가노인복지시설,아름다운은빛재가노인복지센터,서울특별시 강서구 양천로26길 18 2층 (방화동),,
관악구,신림동,재가노인복지시설,벧엘데이케어센터,서울특별시 관악구 문성로 96 45층 (신림동),,
구로구,구로동,재가노인복지시설,천세노인복지센터,서울특별시 구로구 경인로55길 21 (구로동),,
도봉구,방학동,재가노인복지시설,한결재가돌봄센터,서울특별시 도봉구 방학로 200-20 (방학동)200-20 3층 (방학동),,
마포구,대흥동,재가노인복지시설,마포봄데이케어센터,서울특별시 마포구 대흥로 54 5층 501호 (대흥동),,
성북구,장위동,재가노인복지시설,장위행복데이케어센터,서울특별시 성북구 화랑로19길 67 1층 (장위동 우송빌딩),,
성북구,정릉동,재가노인복지시설,연세노인복지센터,서울특별시 성북구 북악산로 813 2동 2층 206호 (정릉동 우성상가),우성상가),
영등포구,신길동,재가노인복지시설,서울희망데이케어센터,서울특별시 영등포구 도신로 235 (신길동),,
중랑구,신내동,재가노인복지시설,구립신내우리데이케어센터,서울특별시 중랑구 망우로65길 20 (신내동),,
광진구,중곡동,재가노인복지시설,더효재활 데이케어센터,서울특별시 광진구 용마산로 37 2층 (중곡동),,
양천구,목동,재가노인복지시설,목동 연세데이케어센터,서울특별시 양천구 목동중앙본로3길 10 1층 (목동),,
광진구,구의동,재가노인복지시설,백세만세데이케어센터,서울특별시 광진구 광나루로 556 4층 (구의동),,
은평구,역촌동,재가노인복지시설,해피데이케어센터,서울특별시 은평구 진흥로 91-1 45층 (역촌동),,
강동구,성내동,재가노인복지시설,노인돌봄센터 엄마를부탁해,서울특별시 강동구 양재대로 1319 5층 (성내동),,
금천구,시흥동,재가노인복지시설,금천희망데이케어센터,서울특별시 금천구 금하로 658 23층 (시흥동),,
금천구,독산동,재가노인복지시설, 금천 하늘데이케어센터,서울특별시 금천구 시흥대로422 2층 (독산동),,
구로구,구로동,재가노인복지시설,으뜸어르신주야간보호센터,서울특별시 구로구 새말로 52 3층 (구로동),,
강동구,암사동,재가노인복지시설,행복 데이케어센터,서울특별시 강동구 올림픽로98길 30 3층 (암사동),,
중랑구,면목동,재가노인복지시설,중랑구재가노인복지센터,서울특별시 중랑구 면목로 352 3층 (면목동),,
서대문구,연희동,재가노인복지시설,성산100세 실버케어센터,서울특별시 서대문구 증가로 55 (연희동),,
관악구,신림동,재가노인복지시설,관악난향데이케어센터,서울특별시 관악구 난곡로 42 2층 (신림동),,
도봉구,쌍문동,재가노인복지시설,북서울데이케어센터,서울특별시 도봉구 도봉로 523 23층 (쌍문동),,
용산구,갈월동,재가노인복지시설,구립갈월데이케어센터,서울특별시 용산구 두텁바위로 25 3층 (갈월동 갈월종합사회복지관),,
동대문구,제기동,재가노인복지시설,정든단기보호센터,서울특별시 동대문구 제기로 72 4층 (제기동),,
동대문구,제기동,재가노인복지시설,효림주야간보호센터,서울특별시 동대문구 고산자로 476 3층 (제기동),,
강남구,개포동,재가노인복지시설,한마음데이케어센터,서울특별시 강남구 논현로12길 19-4 2~3층 (개포동),,
중랑구,신내동,재가노인복지시설,청춘시대 재활복지센터,서울특별시 중랑구 용마산로125가길 47 23층 (신내동),,
종로구,이화동,재가노인복지시설,엠더블유 요양원 병설 주야간보호센터,서울특별시 종로구 율곡로17길 7-38 5층 (이화동),,
강동구,천호동,재가노인복지시설,강동어르신돌봄지원센터,서울특별시 강동구 구천면로62길 191층 (천호동),,
동작구,상도동,재가노인복지시설,동광노인복지센터,서울특별시 동작구 성대로1가길 12 (상도동),,
구로구,고척동,재가노인복지시설,효도로 100세대학 데이케어센터 ,서울특별시 구로구 경인로43길 22 2층 (고척동),,
광진구,자양동,재가노인복지시설,평강마을 데이케어센터,서울특별시 광진구 자양번영로4길 13 3층 (자양동),,
관악구,봉천동,재가노인복지시설,관악희망데이케어센터,서울특별시 관악구 봉천로 391 5층 (봉천동),,
관악구,봉천동,재가노인복지시설,하늘빛데이케어센터,서울특별시 관악구 쑥고개로 100 4층 401.402호 (봉천동 생모리츠타운),,
도봉구,방학동,재가노인복지시설, 주 실버웨이 복지법인 도봉노인복지센터,서울특별시 도봉구 도당로13길16 5층 (방학동),,
양천구,삼보빌딩,재가노인복지시설,성주데이케어센터,서울특별시 양천구 월정로14545층 (신월동 삼보빌딩),,
양천구,신월동,재가노인복지시설,가가호호데이케어센터,서울특별시 양천구 월정로 39 2층 (신월동),,
마포구,상암동,재가노인복지시설,상암데이케어센터,서울특별시 마포구 월드컵로42길 2 2층 (상암동),,
은평구,대조동,재가노인복지시설,에이스종합복지센터,서울특별시 은평구 통일로65길 26 45층 (대조동),,
서대문구,북가좌동,재가노인복지시설,더봄데이케어센터,서울특별시 서대문구 응암로16 2층 (북가좌동),,
성북구,동소문동5가,재가노인복지시설,바른데이케어센터,서울특별시 성북구 보문로40길 11 4층 (동소문동5가),,
관악구,봉천동,재가노인복지시설,효드림주야간보호센터,서울특별시 관악구 관악로 111 3층 (봉천동),,
영등포구,도림동,재가노인복지시설,구립모랫말데이케어센터,서울특별시 영등포구 도영로 41 (도림동),,
관악구,봉천동,재가노인복지시설,'품앗이노인복지센터',서울특별시 관악구 참숯길 9 1층 (봉천동),,
중랑구,중화동,재가노인복지시설,사랑나눔재가복지센터,서울특별시 중랑구 동일로806  3층 (중화동),,
동작구,사당동,재가노인복지시설,우리노인복지센터,서울특별시 동작구 남부순환로 2053 (사당동),,
강남구,개포동,재가노인복지시설,개포데이케어센터,서울특별시 강남구 삼성로 38 504~506호 (개포동 개포빌딩),,
강동구,둔촌동,재가노인복지시설,효순데이케어센터,서울특별시 강동구 천호대로 1196 2층 (둔촌동 도성빌딩),,
강서구,방화동,재가노인복지시설,강서중앙데이케어센터,서울특별시 강서구 양천로 132 12층 (방화동 한림리첸빌),,
구로구,천왕동,재가노인복지시설,구로미가데이케어센터,서울특별시 구로구 천왕로32 67층 605701호 (천왕동 에이스프라자),,
은평구,수색동,재가노인복지시설,물빛데이케어센터,서울특별시 은평구 수색로256 2층 (수색동),,
송파구,풍납동,재가노인복지시설,풍납데이케어센터,서울특별시 송파구 강동대로3길 5 (풍납동),,
노원구,상계동,재가노인복지시설,서울송담데이케어센터,서울특별시 노원구 상계로27길 12 501호 (상계동 경인빌딩),,
강북구,미아동,재가노인복지시설,조은노인복지센터,서울특별시 강북구 삼양로 237 2층 (미아동),,
도봉구,창동,재가노인복지시설,오손도손복지센터,서울특별시 도봉구 해등로16길 106 3층 (창동),,
중랑구,면목동,재가노인복지시설,상봉사랑채요양원단기보호,서울특별시 중랑구 면목로 220 2층 (면목동),,
강서구,화곡동,재가노인복지시설,강서데이케어센터,서울특별시 강서구 화곡로 225 27층 (화곡동),,
양천구,목동,재가노인복지시설,국민주야간복지센터,서울특별시 양천구 목동로 234 6층 (목동 경원빌딩),,
양천구,신정동,재가노인복지시설,에이원데이케어센터,서울특별시 양천구 중앙로 312 1층 (신정동),,
중랑구,면목동,재가노인복지시설,희망재가장기요양기관,서울특별시 중랑구 면목로58길 18 (면목동),,
노원구,상계동,재가노인복지시설,고수련노인복지센터,서울특별시 노원구 상계로27길 32 5층 (상계동 대명빌딩),,
노원구,상계동,재가노인복지시설,늘봄데이케어센터,서울특별시 노원구 한글비석로47길 58 2층 (상계동 우림빌딩),,
송파구,장지동,재가노인복지시설,KB골든라이프케어 위례케어센터,서울특별시 송파구 위례광장로 220 1층 (장지동),,
도봉구,창동,재가노인복지시설,창동자운데이케어센터,서울특별시 도봉구 마들로13길 165 4층 (창동),,
양천구,신월동,재가노인복지시설, 협 사랑방데이케어센터,서울특별시 양천구 가로공원로146 2층 (신월동 정용빌딩),,
동대문구,장안동,재가노인복지시설,참사랑실버재활주간보호센터,서울특별시 동대문구 장한로23길 21 2층 (장안동),,
강북구,수유동,재가노인복지시설,창조복지재가센터,서울특별시 강북구 노해로 902층 206호 (수유동)(수유동),,
양천구,목동,재가노인복지시설,하사랑노인요양복지센터,서울특별시 양천구 목동중앙북로8나길 14 102호 (목동),,
양천구,목동,재가노인복지시설,늘봄데이케어센터,서울특별시 양천구 목동중앙남로3길42 (목동 지하1층지상1층지상2층),,
중랑구,면목동,재가노인복지시설,엔젤노인재가복지센터,서울특별시 중랑구 사가정로42길 63 1층 (면목동),,
중랑구,면목동,재가노인복지시설,누리 봄 방문간호요양센터,서울특별시 중랑구 겸재로54길 55 1층(면목동),,
은평구,녹번동,재가노인복지시설,은평사랑데이케어센터,서울특별시 은평구 은평로 185 B동 4층 (녹번동),,
서대문구,홍제동,재가노인복지시설,문화촌데이케어센터,서울특별시 서대문구 세검정로 95 2층 3층 (홍제동),,
중랑구,상봉동,재가노인복지시설,가족사랑 데이케어,서울특별시 중랑구 망우로 244 5층 (상봉동 덕화빌딩),,
서대문구,북가좌동,재가노인복지시설,DMC실버케어,서울특별시 서대문구 응암로 76 4층 (북가좌동),,
중구,예장동,재가노인복지시설,마주봄노인복지센터,서울특별시 중구 필동로8가길 56 2층 202 203호 (예장동),,
강북구,수유동,재가노인복지시설,강북희망데이케어센터,서울특별시 강북구 삼양로 412 2층 (수유동),,
노원구,중계동,재가노인복지시설,한샘실버케어센터,서울특별시 노원구 한글비석로264 506호 (중계동 그랜드프라자),,
노원구,공릉동,재가노인복지시설,늘푸른데이케어센터,서울특별시 노원구 공릉로43길 18 2층 (공릉동),,
은평구,역촌동,재가노인복지시설,해피데이케어센터 은평,서울특별시 은평구 진흥로 77 45층 (역촌동),,
강서구,화곡동,재가노인복지시설,화곡주야간재가복지센터,서울특별시 강서구 까치산로 75 4층 (화곡동 호왕빌딩),,
노원구,상계동,재가노인복지시설,88재활데이케어센터,서울특별시 노원구 상계로27길 12 401 402 503호 (상계동),,
금천구,시흥동,재가노인복지시설,감동드림데이케어센터,서울특별시 금천구 금하로 720 5층 (시흥동 에벤에셀프라자),,
관악구,봉천동,재가노인복지시설,가가호호 데이케어센터,서울특별시 관악구 은천로 25 5층 (봉천동 정암빌딩),,
중구,중림동,재가노인복지시설,서울재가복지센터,서울특별시 중구 중림로 51-2 2층 (중림동),,
송파구,문정동,재가노인복지시설,A 효담라이프케어 송파주야간보호센터,서울특별시 송파구 송이로32길 18 3층 (문정동 에코타워),,
동대문구,장안동,재가노인복지시설,예담주야간보호센터,서울특별시 동대문구 장한로27길 29 301호 (장안동),,
강동구,성내동,재가노인복지시설,효심재가요양센터,서울특별시 강동구 성안로 61 4층 (성내동 토성빌딩),,
강동구,암사동,재가노인복지시설, 주 롱라이프그린케어 선사노인복지센터,서울특별시 강동구 고덕로40 2~3층 (암사동),,
중랑구,면목동,재가노인복지시설,사랑나눔 주야간보호센터,서울특별시 중랑구 용마산로 297-3 (면목동),,
송파구,잠실동,재가노인복지시설,잠실힐링데이케어,서울특별시 송파구 백제고분로 187 2 3층 (잠실동 파크인-수),,
은평구,역촌동,재가노인복지시설,재단법인 서울특별시 사회서비스원 은평종합재가센터 ,서울특별시 은평구 진흥로77 3층 (역촌동),,
양천구,신정동,재가노인복지시설,하나재가복지센터,서울특별시 양천구 목동남로 64-1 2층 (신정동),,
양천구,신정동,재가노인복지시설,강서목동재가복지센터,서울특별시 양천구 국회대로 252 4층 408호 (신정동),,
양천구,신월동,재가노인복지시설,봄날재가복지센터,서울특별시 양천구 오목로114 1층 (신월동),,
동대문구,답십리동,재가노인복지시설,미소지움단기보호센터,서울특별시 동대문구 한천로37길 19 3층 (답십리동 창승빌딩),,
강서구,화곡동,재가노인복지시설,가족사랑복지센터,서울특별시 강서구 곰달래로 137-1 4층 (화곡동),,
양천구,신정동,재가노인복지시설,가나안은혜복지센터,서울특별시 양천구 신목로6길11 1층 (신정동),,
관악구,봉천동,재가노인복지시설,두드림 데이케어센터,서울특별시 관악구 관악로 287 307308호 (봉천동 성현동아@상가),,
강서구,내발산동,재가노인복지시설,사랑모아데이케어센터,서울특별시 강서구 강서로52길 50 2층 (내발산동),,
중랑구,면목동,재가노인복지시설,다인재가노인복지센터,서울특별시 중랑구 사가정로 383 2층 (면목동),,
양천구,목동,재가노인복지시설,양천노인복지센터,서울특별시 양천구 목동중앙서로 30 3층 302호 (목동),,
동대문구,제기동,재가노인복지시설,느티나무데이케어센터,서울특별시 동대문구 약령중앙로8길 10 2-3층 (제기동),,
금천구,독산동,재가노인복지시설,우리데이케어센터,서울특별시 금천구 시흥대로 426 6층 (독산동),,
노원구,공릉동,재가노인복지시설,나무 주간보호센터,서울특별시 노원구 화랑로 463 2층 (공릉동),,
은평구,역촌동,재가노인복지시설,인연방문요양센터,서울특별시 은평구 진흥로1길 38-20 (역촌동),,
은평구,대조동,재가노인복지시설,은평푸른성재가복지센터,서울특별시 은평구 연서로22길 5-4 (대조동),,
강서구,등촌동,재가노인복지시설,서울시사회서비스원 강서종합재가센터,서울특별시 강서구 공항대로 325 3층 (등촌동 에이스빌딩),,
동작구,사당동,재가노인복지시설,행복114 재가노인복지센터,서울특별시 동작구 동작대로 163 4층 402-2호 (사당동),,
은평구,구산동,재가노인복지시설,동행재가복지센터,서울특별시 은평구 서오릉로15길 5 103호 (구산동),,
금천구,독산동,재가노인복지시설,마음다함 어르신돌봄센터 독산점,서울특별시 금천구 벚꽃로6길21 3층 (독산동 예일빌딩),,
노원구,상계동,재가노인복지시설,e편한재가복지센터,서울특별시 노원구 상계로23다길 4B1호 (상계동)(상계동),,
동대문구,장안동,재가노인복지시설,장안데이케어센터,서울특별시 동대문구 장한로 51 2층 (장안동 성안빌딩),,
도봉구,쌍문동,재가노인복지시설,경희재가복지센터,서울특별시 도봉구 우이천로34길 9 1층 (쌍문동),,
도봉구,창동,재가노인복지시설,연세재활재가복지센터,서울특별시 도봉구 노해로69길 15-15 411호 (창동),,
광진구,자양동,재가노인복지시설,더푸른데이케어센터,서울특별시 광진구 뚝섬로56길 40 3 4 5층 (자양동),,
구로구,온수동,재가노인복지시설,구립온수데이케어센터,서울특별시 구로구 부일로9길 111 4층 (온수동),,
강동구,천호동,재가노인복지시설,9학년데이케어센터 재활 ,서울특별시 강동구 구천면로 304 3층 (천호동 일주빌딩),,
도봉구,방학동,재가노인복지시설,에덴재가복지센터,서울특별시 도봉구 도당로 37 2층 202호 (방학동 삼익세라믹아파트 상가),상가),
노원구,중계동,재가노인복지시설,중계재가복지센터,서울특별시 노원구 중계로 90 209호 (중계동 우암타운),,
동작구,노량진동,재가노인복지시설,동작어르신돌봄센터,서울특별시 동작구 장승배기로19길 29-11 (노량진동),,
광진구,군자동,재가노인복지시설,군자 연세데이케어센터,서울특별시 광진구 군자로 108 4층 (군자동) 4층 401호,,
강서구,내발산동,재가노인복지시설,늘푸른주야간보호센터,서울특별시 강서구 수명로 80 6~7층 (내발산동),,
구로구,구로동,재가노인복지시설,구로제일데이케어센터사랑점,서울특별시 구로구 가마산로265 2층 (구로동 한솔로이젠트),,
도봉구,방학동,재가노인복지시설,하모니 요양센터,서울특별시 도봉구 도당로13길 41 2층 (방학동),,
성북구,석관동,재가노인복지시설,고구려복지센터,서울특별시 성북구 한천로 598 4층 (석관동 세진빌딩),,
송파구,마천동,재가노인복지시설,행복케어,서울특별시 송파구 거마로 61 5층 (마천동),,
은평구,불광동,재가노인복지시설,스마일시니어복지센터,서울특별시 은평구 통일로 906 3층 (불광동 해피플러스1),,
도봉구,도봉동,재가노인복지시설,우리 데이케어센터,서울특별시 도봉구 도봉로163길10 4층 (도봉동),,
마포구,아현동,재가노인복지시설,삼원재가노인복지센터,서울특별시 마포구 마포대로16길 7 4층 (아현동),,
노원구,공릉동,재가노인복지시설,복지세상 사회적협동조합 방문목욕센터,서울특별시 노원구 동일로 1127 3층 1호 (공릉동 공릉종합사회복지관),,
은평구,대조동,재가노인복지시설,한마음노인복지센터,서울특별시 은평구 통일로 809 2층 (대조동),,
노원구,상계동,재가노인복지시설,드림방문요양센터,서울특별시 노원구 동일로 1323 210호 (상계동 하라프라자),,
강북구,수유동,재가노인복지시설,'맘케어재가복지센터',서울특별시 강북구 인수봉로77길27 1층 (수유동),,
동대문구,답십리동,재가노인복지시설,153데이케어센터,서울특별시 동대문구 사가정로 6 3층 (답십리동 청계 G well estates),well,
노원구,상계동,재가노인복지시설,만나데이케어센터,서울특별시 노원구 상계로27길 12 201호 (상계동 대원빌딩),,
강북구,수유동,재가노인복지시설,강북하루정요양원,서울특별시 강북구 삼양로 433 5층 (수유동),,
은평구,갈현동,재가노인복지시설,에버그린데이케어센터,서울특별시 은평구 갈현로29길51 비동 01호 (갈현동 예성베르빌),,
강서구,방화동,재가노인복지시설,강서재활전문데이케어센터,서울특별시 강서구 방화동로 115 3층 (방화동 원앙빌딩),,
강북구,번동,재가노인복지시설,갓사랑노인재가복지센터,서울특별시 강북구 한천로123길 54-1 지층 (번동),,
강서구,화곡동,재가노인복지시설,새희망노인복지센터,서울특별시 강서구 가로공원로80길 74 B102호 (화곡동),,
강북구,수유동,재가노인복지시설,늘사랑 요양복지센터,서울특별시 강북구 삼양로 470 2층 (수유동),,
서대문구,홍은동,재가노인복지시설,홍제천데이케어센터,서울특별시 서대문구 모래내로 330 2층 (홍은동),,
노원구,중계동,재가노인복지시설,늘푸른돌봄센터 노원점,서울특별시 노원구 노원로 333 208호 (중계동 목련아파트상가),,
관악구,신림동,재가노인복지시설,나눔재활데이케어센터,서울특별시 관악구 난곡로 189 45층 (신림동),,
광진구,구의동,재가노인복지시설,행복 방문요양 복지센터,서울특별시 광진구 자양로 294 2층 (구의동),,
강북구,번동,재가노인복지시설,예닮데이케어센터,서울특별시 강북구 한천로120길 3 2~3층 (번동),,
강동구,길동,재가노인복지시설,사랑배달 재가노인복지센터,서울특별시 강동구 양재대로 1522 204호 (길동),,
마포구,아현동,재가노인복지시설,재단법인 서울특별시 사회서비스원 마포종합재가센터,서울특별시 마포구 마포대로11길44-81 2층 (아현동 아현문화건강센터),,
광진구,구의동,재가노인복지시설,A 광진 데이케어센터,서울특별시 광진구 광나루로 562 3 4 5호 (구의동),,
광진구,구의동,재가노인복지시설,더사랑데이케어센터,서울특별시 광진구 아차산로 441 4층 (구의동),,
중구,신당동,재가노인복지시설,정담 재활 주야간보호센터,서울특별시 중구 다산로36길101 2층 (신당동),,
성북구,석관동,재가노인복지시설,선한손길재가요양센터,서울특별시 성북구 화랑로32가길 13 202호 (석관동),,
강북구,미아동,재가노인복지시설,우리재가방문요양센터,서울특별시 강북구 도봉로68길 19-3 지하1층 1호 (미아동),,
성동구,금호동1가,재가노인복지시설,상록수재가복지센터,서울특별시 성동구 행당로 1 301호 (금호동1가),,
서대문구,홍제동,재가노인복지시설,부모사랑 노인복지센터,서울특별시 서대문구 통일로 392 2층 (홍제동),,
성북구,안암동2가,재가노인복지시설,보문사랑데이케어센터,서울특별시 성북구 고려대로 28 B1층 (안암동2가 밀로바니),,
동작구,사당동,재가노인복지시설,엄마사랑 재가노인복지센터,서울특별시 동작구 남부순환로 2023 101호 (사당동),,
송파구,잠실동,재가노인복지시설,아리아케어 방문요양 송파 잠실센터,서울특별시 송파구 석촌호수로12길 22 2층 201호 (잠실동),,
동작구,신대방동,재가노인복지시설,참사랑 재가복지센터,서울특별시 동작구 대림로 30 1층 (신대방동),,
성북구,종암동,재가노인복지시설,종암데이케어센터,서울특별시 성북구 종암로30길 50 1층 (종암동),,
성북구,장위동,재가노인복지시설,가자 재가방문요양센터,서울특별시 성북구 한천로99길 24-23 201호 (장위동),,
강서구,화곡동,재가노인복지시설,99팔팔재가노인복지센터,서울특별시 강서구 공항대로 426 812호 (화곡동),,
강북구,수유동,재가노인복지시설,강북THE행복한데이케어센터,서울특별시 강북구 삼양로77길 51 2층 (수유동 에덴빌딩),,
송파구,송파동,재가노인복지시설,송파아셀재활주간보호센터,서울특별시 송파구 가락로 209 2층 (송파동),,
은평구,녹번동,재가노인복지시설,은평재가노인복지센터,서울특별시 은평구 은평로 193 3층 301호 (녹번동),,
송파구,장지동,재가노인복지시설, A '행복케어 방문요양,서울특별시 송파구 위례순환로 478 5층 501호 (장지동),,
강남구,세곡동,재가노인복지시설,세곡데이케어센터,서울특별시 강남구 헌릉로590길 68 (세곡동),,
관악구,봉천동,재가노인복지시설,효?보살핌데이케어센터,서울특별시 관악구 은천로 51 4층 (봉천동),,
송파구,마천동,재가노인복지시설,가나안 재가복지센터,서울특별시 송파구 마천로51길 10 1층 (마천동),,
은평구,불광동,재가노인복지시설,나팔소리재가노인복지센터,서울특별시 은평구 연서로37길29 1층 (불광동),,
동작구,상도동,재가노인복지시설,상도재가복지센터 본점,서울특별시 동작구 성대로 67 1층 (상도동),,
은평구,신사동,재가노인복지시설,A 정성재가노인복지센터,서울특별시 은평구 갈현로3길 28 1층 (신사동),,
은평구,역촌동,재가노인복지시설,강북제일재가복지센터,서울특별시 은평구 역말로 101 4층 (역촌동 토마스빌딩),,
동작구,대방동,재가노인복지시설,엔젤홈케어 동작,서울특별시 동작구 여의대방로 198 지층 (대방동 남경빌딩),,
동대문구,전농동,재가노인복지시설,선한이웃재가방문요양센터,서울특별시 동대문구 전농로 193-1 2층 (전농동),,
성북구,장위동,재가노인복지시설,The섬김 재가요양복지센터,서울특별시 성북구 장위로35길 34 202호 (장위동),,
양천구,신월동,재가노인복지시설,임마누엘 재가복지센터,서울특별시 양천구 화곡로10길 6 3층 (신월동),,
은평구,신사동,재가노인복지시설,가가호호 정가네 데이케어센터,서울특별시 은평구 증산로 419 2층 (신사동 CJ빌딩),,
동대문구,답십리동,재가노인복지시설,성창주야간보호센터,서울특별시 동대문구 한천로37길23 B동 4층 (답십리동 창승빌딩),,
강동구,강일동,재가노인복지시설,강일데이케어센터,서울특별시 강동구 아리수로93길 33 7층 (강일동 베스트프라자),,
동대문구,답십리동,재가노인복지시설,120 재가복지센터,서울특별시 동대문구 답십리로48길 64 1층 (답십리동),,
강북구,번동,재가노인복지시설,기억튼튼재활전문데이케어센터 강북점 ,서울특별시 강북구 오현로 194 4층 (번동),,
도봉구,창동,재가노인복지시설,성모사랑데이케어센터,서울특별시 도봉구 마들로13길 165 5층 (창동 세영빌딩),,
노원구,상계동,재가노인복지시설,드림홈 재가장기요양복지센터,서울특별시 노원구 한글비석로 396 108동 2층 21호 (상계동 벽산아파트상가),벽산아파트상가),
강북구,미아동,재가노인복지시설,삼양제일재가노인복지센터,서울특별시 강북구 삼양로27길 35 지1층 (미아동),,
노원구,중계동,재가노인복지시설,소명 재가 노인복지시설 센터,서울특별시 노원구 한글비석로 332 2층 209호 (중계동),,
강북구,수유동,재가노인복지시설,나눔플러스재가복지센터,서울특별시 강북구 인수봉로 166 101호 (수유동 더뷰빌딩),,
도봉구,도봉동,재가노인복지시설,서원재가노인복지센터,서울특별시 도봉구 마들로 684-9 204호 (도봉동 서원상가),,
강동구,천호동,재가노인복지시설,강동 어르신 방문요양센터,서울특별시 강동구 천호대로 1095 5층 502-1호 (천호동 현대코아아파트),,
강동구,천호동,재가노인복지시설,늘편한 재가노인복지센터,서울특별시 강동구 구천면로 318 3층 (천호동),,
마포구,망원동,재가노인복지시설,그린방문요양재가센터,서울특별시 마포구 희우정로16길 46-15 지층 101호 (망원동),,
도봉구,쌍문동,재가노인복지시설,효성실버데이케어센터,서울특별시 도봉구 우이천로 357 2층 (쌍문동 양지파크빌),,
노원구,상계동,재가노인복지시설,가인재가복지센터,서울특별시 노원구 상계로 90 604호 (상계동 마블러스2),,
강동구,둔촌동,재가노인복지시설,효재가복지센터,서울특별시 강동구 천호대로182길 35 2층 (둔촌동),,
도봉구,창동,재가노인복지시설,창동밀알데이케어센터,서울특별시 도봉구 마들로13길 175 3층 (창동),,
마포구,아현동,재가노인복지시설,초록숲데이케어센터,서울특별시 마포구 마포대로11길 44-81 B1층 (아현동),,
강동구,성내동,재가노인복지시설,리조이스재가방문센타,서울특별시 강동구 풍성로 194 1층 105호 (성내동),,
강서구,마곡동,재가노인복지시설,사랑방재가방문요양센터,서울특별시 강서구 마곡동로10길 46 308호 (마곡동 마곡보타닉파크프라자),,
송파구,잠실동,재가노인복지시설,엘스방문요양센터,서울특별시 송파구 백제고분로 63 4층 401호 (잠실동 위너스오피스텔1),,
강서구,마곡동,재가노인복지시설,토탈방문간호 재가노인복지센터,서울특별시 강서구 공항대로242 7층 722호 (마곡동 열림M타워II),,
동대문구,답십리동,재가노인복지시설,다솜재가복지센터,서울특별시 동대문구 사가정로2길 106 (답십리동),,
송파구,신천동,재가노인복지시설,다솜재가노인복지센터,서울특별시 송파구 오금로 58 8층 805호 (신천동 잠실 아이 스페이스),아이,
강서구,마곡동,재가노인복지시설,A 효담라이프케어 강서데이케어센터,서울특별시 강서구 공항대로 220 3층 (마곡동 우성에스비타워Ⅱ),,
동작구,대방동,재가노인복지시설,다모아재가복지센터,서울특별시 동작구 여의대방로36길 30 지층 (대방동),,
노원구,상계동,재가노인복지시설,평안방문복지센터,서울특별시 노원구 한글비석로 444 116117호 (상계동 교림노원프라자),,
마포구,두진빌딩,재가노인복지시설,마포효사랑재가복지센터,서울특별시 마포구 희우정로12길39 2층 (망원동 두진빌딩),,
동대문구,전농동,재가노인복지시설,참사랑재가노인복지센터,서울특별시 동대문구 답십리로 74 1층 (전농동),,
동대문구,이문동,재가노인복지시설,'실버랩',서울특별시 동대문구 한천로 452 지층 (이문동),,
송파구,문정동,재가노인복지시설,보람방문요양센터,서울특별시 송파구 송이로33길 8 1층 (문정동 포레스트),,
강북구,미아동,재가노인복지시설,실버벨재가복지센터,서울특별시 강북구 도봉로53길37 1층 (미아동),,
광진구,구의동,재가노인복지시설,더조은 방문요양센터,서울특별시 광진구 광나루로56길 63 216호 (구의동 현대프라임아파트 프라임프라자),,
강북구,미아동,재가노인복지시설,강북중앙복지센터,서울특별시 강북구 도봉로243 3층 (미아동),,
강서구,화곡동,재가노인복지시설,해든데이케어센터,서울특별시 강서구 곰달래로170 2층 (화곡동),,
은평구,응암동,재가노인복지시설,나래케어재가방문요양센터,서울특별시 은평구 은평로16길6 2층 (응암동),,
은평구,불광동,재가노인복지시설,예가재가복지센터,서울특별시 은평구 연서로 261 2층 (불광동),,
은평구,응암동,재가노인복지시설,늘봄재가복지센터,서울특별시 은평구 은평로10길 7-12 1층 (응암동),,
동대문구,전농동,재가노인복지시설,보은데이케어센터,서울특별시 동대문구 한천로213 3층 (전농동),,
성동구,성수동2가,재가노인복지시설,성수더효데이케어센터,서울특별시 성동구 성덕정길 149 3층 (성수동2가 영화빌딩),,
마포구,노고산동,재가노인복지시설,혜윰재가,서울특별시 마포구 신촌로12다길 10 지층 (노고산동),,
도봉구,쌍문동,재가노인복지시설,더사랑재가복지센터,서울특별시 도봉구 해등로 190 2층 215호 (쌍문동 신원주상복합2차아파트),,
성북구,종암동,재가노인복지시설,아리아케어 방문요양 성북 종암센터,서울특별시 성북구 월곡로7길1 1층 (종암동),,
강북구,수유동,재가노인복지시설,두드림노인복지센터,서울특별시 강북구 노해로117 (수유동 1층 우측),,
성북구,장위동,재가노인복지시설,성북구립 장위데이케어센터,서울특별시 성북구 한천로708 2층 (장위동),,
은평구,역촌동,재가노인복지시설,서광재가복지센터,서울특별시 은평구 연서로5길3 3층 (역촌동 덕우빌딩),,
동작구,상도동,재가노인복지시설,하나재가노인복지센터,서울특별시 동작구 상도로22길 11 3층 (상도동),,
노원구,중계동,재가노인복지시설,솔향주야간보호센터,서울특별시 노원구 한글비석로15길 27 6층 (중계동 월산빌딩),,
동대문구,제기동,재가노인복지시설,우리집주야간보호센터,서울특별시 동대문구 제기로 72 2층 (제기동),,
강북구,수유동,재가노인복지시설, A  사랑나무방문요양센터,서울특별시 강북구 삼각산로 79 (수유동 2층),,
서초구,방배동,재가노인복지시설,서초하늘데이케어센터,서울특별시 서초구 서초대로 25 2층 (방배동 유일빌딩),,
성북구,장위동,재가노인복지시설,A 효담라이프케어 성북데이케어센터,서울특별시 성북구 화랑로 265 3층 (장위동),,
노원구,공릉동,재가노인복지시설,담터재가복지센터,서울특별시 노원구 공릉로 154-13 B02호 (공릉동),,
도봉구,창동,재가노인복지시설,다은재가노인복지센터,서울특별시 도봉구 노해로 341 11층 1112호 (창동),,
노원구,상계동,재가노인복지시설,수락재가요양센터,서울특별시 노원구 동일로241나길 4 1층 102호 (상계동),,
도봉구,창동,재가노인복지시설,기억튼튼방문요양센터,서울특별시 도봉구 덕릉로 264 2층 (창동),,
노원구,상계동,재가노인복지시설,고운복지센터,서울특별시 노원구 동일로227길 86 1606동 108호 (상계동 상계주공16단지아파트),,
노원구,상계동,재가노인복지시설,가가재가 노인복지센터,서울특별시 노원구 상계로9나길 6 1층 (상계동),,
동작구,신대방동,재가노인복지시설,온마음데이케어센터,서울특별시 동작구 여의대방로22길132 45층 (신대방동),,
금천구,독산동,재가노인복지시설,강남노인복지센터,서울특별시 금천구 독산로 290 4층 (독산동),,
노원구,상계동,재가노인복지시설,수남 재가복지센터,서울특별시 노원구 한글비석로24라길 78 1층 (상계동),,
마포구,도화동,재가노인복지시설,은광재가복지센터,서울특별시 마포구 삼개로 35 (도화동 우성A상가 1층 11호),,
동작구,노량진동,재가노인복지시설,동작시니어재가복지센터,서울특별시 동작구 만양로 19 상가동 141호 (노량진동),,
강동구,성내동,재가노인복지시설, 주 참좋은 실버복지센터,서울특별시 강동구 양재대로 1339 2층 207호 (성내동 삼오빌딩),,
마포구,중동,재가노인복지시설,어르신돌봄재가방문요양센터,서울특별시 마포구 성암로11길 13 1층 (중동),,
광진구,중곡동,재가노인복지시설,온누리 방문요양센터,서울특별시 광진구 면목로 63-2 1층 (중곡동 정호빌딩),,
도봉구,방학동,재가노인복지시설,기쁨방문요양센터,서울특별시 도봉구 방학로 130-6 방학동 101호 (방학동 예체뜰안),,
강남구,논현동,재가노인복지시설,올리사랑 재가노인복지센터,서울특별시 강남구 언주로 703 5층 4호 (논현동),,
동대문구,장안동,재가노인복지시설,드림데이케어센터,서울특별시 동대문구 답십리로264 301호 (장안동),,
성북구,석관동,재가노인복지시설,돌곶이데이케어센터,서울특별시 성북구 화랑로30길 19 (석관동),,
양천구,신정동,재가노인복지시설,정성가득재가노인복지센터,서울특별시 양천구 오목로37길 20 지층 (신정동),,
송파구,방이동,재가노인복지시설,재단법인 서울특별시 사회서비스원 송파종합재가센터 ,서울특별시 송파구 위례성대로 18 13층 1305호 (방이동 금복빌딩),,
성동구,금호동4가,재가노인복지시설,사랑드림재가복지센터,서울특별시 성동구 독서당로 270 409-1호 (금호동4가 대우아파트상가),,
강서구,방화동,재가노인복지시설,참조은 데이케어센터,서울특별시 강서구 양천로 31 3층 (방화동),,
송파구,잠실동,재가노인복지시설,서울방문복지센터,서울특별시 송파구 백제고분로 67 9층 901호 (잠실동 위너스오피스텔2),,
송파구,문정동,재가노인복지시설,홈앤널스방문간호센터,서울특별시 송파구 충민로 5 A동 3층 319호 (문정동 송파한화오벨리스크),송파한화오벨리스크),
금천구,시흥동,재가노인복지시설, A 비지팅엔젤스 금천시흥방문요양지점,서울특별시 금천구 은행나무로 6 2층 202호 (시흥동),,
성북구,하월곡동,재가노인복지시설,A 그린실버복지센터,서울특별시 성북구 화랑로 92 2층 (하월곡동),,
송파구,가락동,재가노인복지시설,더조은재가노인복지센타,서울특별시 송파구 송파대로28길 24 10층 1012호 (가락동 밀리아나2차),,
강서구,공항동,재가노인복지시설,재단법인 서울특별시 사회서비스원 강서구립 든든데이케어센터,서울특별시 강서구 공항대로2가길 5 2층 3층 (공항동),,
노원구,상계동,재가노인복지시설, A 이레재가복지센터,서울특별시 노원구 한글비석로 474 2층 203호 (상계동),,
구로구,신도림동,재가노인복지시설,효월드데이케어센터,서울특별시 구로구 경인로 584 2층 202호 (신도림동 신도림팰러티움),,
도봉구,창동,재가노인복지시설,창동노인통합재가센터,서울특별시 도봉구 도봉로136가길 4 5층 503호 (창동 창동리더스빌딩),,
송파구,가락동,재가노인복지시설,아리아케어 방문요양 송파가락센터,서울특별시 송파구 송이로26길3 2층 202호 (가락동),,
동대문구,전농동,재가노인복지시설,행복드림 재가노인복지센터,서울특별시 동대문구 전농로17길 25 1층 (전농동),,
노원구,상계동,재가노인복지시설,가온실버노인재가센터,서울특별시 노원구 상계로9길 23 4층 (상계동),,
마포구,성산동,재가노인복지시설,재활앤데이케어센터,서울특별시 마포구 모래내로7길 62 4~5층 (성산동),,
금천구,독산동,재가노인복지시설,서울조은주간보호센터,서울특별시 금천구 시흥대로152길 11-43 2층 (독산동),,
송파구,삼전동,재가노인복지시설,아름드리데이케어센터,서울특별시 송파구 백제고분로 237 45층 (삼전동),,
관악구,봉천동,재가노인복지시설,온누리,서울특별시 관악구 관악로 211 2층,,
영등포구,문래동3가,재가노인복지시설,굿피플복지센터,서울특별시 영등포구 도림로 456101동 상가112호 (문래동3가 문래우정아파트),,
광진구,화양동,재가노인복지시설,서울인애노인복지센터,서울특별시 광진구 능동로13길 94,,
영등포구,양평동6가,재가노인복지시설,소망방문요양복지센터,서울특별시 영등포구 양평로30가길 19204동 307호(양평동6가 동양아파트상가),,
중랑구,면목동,재가노인복지시설,축복재가장기요양기관,서울특별시 중랑구 용마산로 3894층 (면목동),,
중랑구,망우동,재가노인복지시설,동우요양원요양센터,서울특별시 중랑구 망우로 422원동빌딩 6층,,
강동구,명일1동,재가노인복지시설,반석데이케어센터,서울특별시 강동구 양재대로130길 11(명일1동),,
동작구,사당동,재가노인복지시설,사당데이케어센터,서울특별시 동작구 남부순환로 2081사당노인종합복지관 7층,,
강북구,수유동,재가노인복지시설,대은가정봉사원파견센터,서울특별시 강북구 인수봉로60가길 32101 (수유동 대성아트빌),,
영등포구,신길동,재가노인복지시설,남서울교회노인복지센터,서울특별시 영등포구 신풍로16길 1401호 (신길동),,
강남구,대치동,재가노인복지시설,아비스노인복지센터,서울특별시 강남구 선릉로 406 2층202호 ,,
노원구,상계동,재가노인복지시설,북부가정봉사원파견센터,서울특별시 노원구 한글비석로49길 63 (상계동),,
강동구,암사동,재가노인복지시설,부모사랑복지센터,서울특별시 강동구 상암로 87-12층 (암사동),,
송파구,마천동,재가노인복지시설,은빛노인요양주야간보호,서울특별시 송파구 거마로 99,,
강동구,길동,재가노인복지시설,동서울종합복지센터,서울특별시 강동구 천호대로193길 18 1층,,
양천구,신월1동,재가노인복지시설,새마음데이케어센터,서울특별시 양천구 월정로 175(신월1동),,
중랑구,중화동,재가노인복지시설,유나노인복지센터,서울특별시 중랑구 동일로139길 43,,
도봉구,창동,재가노인복지시설,창5동데이케어센터,서울특별시 도봉구 창동34 (창동),,
마포구,노고산동,재가노인복지시설,우리마포데이케어센터,서울특별시 마포구 신촌로26길10 ,,
동작구,사당동,재가노인복지시설,삼화데이케어센터,서울특별시 동작구 사당로13길42 (사당동),,
서대문구,홍제동,재가노인복지시설,홍광데이케어센터,서울특별시 서대문구 통일로39길 22-31(홍제동),,
중랑구,신내동,재가노인복지시설,사랑노인복지센터,서울특별시 중랑구 봉화산로 194 신아타운 304호,,
동작구,상도동,재가노인복지시설,송학데이케어센터,서울특별시 동작구 양녕로27길 41 송학경로당,,
도봉구,방학동,재가노인복지시설, 주 삼성종합복지센터,서울특별시 도봉구 방학동210 101동 2층 4호 (방학동 신동아타워 상가),상가),
동작구,사당동,재가노인복지시설,엔젤데이케어센터,서울특별시 동작구 사당로16라길 9(사당동) ,,
서초구,방배동,재가노인복지시설,성원노인복지센터,서울특별시 서초구 방배천로16길 11-41층 (방배동),,
강남구,개포동,재가노인복지시설,강남제일재가노인복지센터,서울특별시 강남구 개포로 237-0302  (개포동 유진빌딩),,
동작구,본동,재가노인복지시설,노들데이케어센터,서울특별시 동작구 노량진로32길79 (본동),,
서초구,서초동,재가노인복지시설,지브로방문요양센터,서울특별시 서초구 강남대로43길 22-12층 (서초동),,
동대문구,답십리동,재가노인복지시설,은나무단기보호센터,서울특별시 동대문구 답십리동77 3층 (답십리동 일신빌딩),,
송파구,마천동,재가노인복지시설,은빛노인요양단기보호,서울특별시 송파구 거마로 99,,
송파구,마천동,재가노인복지시설,수실버주야간보호센터,서울특별시 송파구 성내천로212 4층 (마천동),,
은평구,녹번동,재가노인복지시설,조은복지협동조합,서울특별시 은평구 서오릉로 31 2층 (녹번동),,
서대문구,북가좌동,재가노인복지시설,행복드림복지협동조합,서울특별시 서대문구 응암로73 3층 301호 (북가좌동),,
강동구,암사동,재가노인복지시설, 주 그린케어강동노인복지센터,서울특별시 강동구 암사동824 (암사동),,
강북구,수유동,재가노인복지시설,수유데이케어센터,서울특별시 강북구 덕릉로46 3층 (수유동),,
강북구,미아동,재가노인복지시설,강북실버데이케어센터,서울특별시 강북구 오패산로290 (미아동),,
강북구,번동,재가노인복지시설,번동데이케어센터,서울특별시 강북구 월계로 1872층 (번동),,
노원구,상계동,재가노인복지시설,상계동성당데이케어센터,서울특별시 노원구 덕릉로 736 (상계동),,
양천구,신정동,재가노인복지시설,사단법인나눔과보람복지회양천재가노인복지센터,서울특별시 양천구 목동로23길 34205호 (신정동 양천시장주상복합),,
동대문구,장안2동,재가노인복지시설,은천주간보호센터,서울특별시 동대문구 장한로27가길 66(장안2동),,
서초구,방배동,재가노인복지시설,서초구립방배노인데이케어센터,서울특별시 서초구 방배천로 48(방배동 455-11),,
종로구,구기동,노인주거복지시설,청운양로원,서울특별시 종로구 비봉길 76,,
노원구,상계동,노인주거복지시설,홍파양로원,서울특별시 노원구 동일로248길 30 ,,
금천구,시흥동,노인주거복지시설,혜명양로원,서울특별시 금천구 금하로29길 36,,
강동구,고덕동,노인주거복지시설,시립고덕양로원,서울특별시 강동구 고덕로 199,,
영등포구,대림동,노인주거복지시설,서울성모원,서울특별시 영등포구 대림로12가길 7-1,,
은평구,불광동,노인주거복지시설,성우회,서울특별시 은평구 통일로92길 13,,
강서구,등촌동,노인주거복지시설,서울시니어스타워㈜강서본부,서울특별시 강서구 공항대로 315,,
금천구,시흥동,노인주거복지시설,섭리의집,서울특별시 금천구 시흥대로40길 111-5,,
강서구,등촌동,노인주거복지시설,서울시니어스타워(주)가양본부,서울특별시 강서구 화곡로68길 102,,
은평구,녹번동,노인주거복지시설,시니어캐슬클라시온,서울특별시 은평구 은평로21길 34-5,,
광진구,자양동,노인주거복지시설,모니카의집,서울특별시 광진구 자양로33길 36,,
강서구,화곡동,노인주거복지시설,쟌쥬강의집,서울특별시 강서구 까치산로14길 67,,
도봉구,쌍문동,노인주거복지시설,자애로운성모의집,서울특별시 도봉구 우이천로38마길 19,,
중구,정동,노인주거복지시설,정동상림원,서울특별시 중구 정동길 21-31,,
송파구,마천동,노인주거복지시설,은빛천사의집,서울특별시 송파구 감이남로 87,,
마포구,상암동,노인주거복지시설,상암카이저팰리스클래식,서울특별시 마포구 월드컵북로47길 37,,
노원구,상계동,노인주거복지시설,시립수락양로원,서울특별시 노원구 동일로250길 44-142,,
도봉구,방학동,노인주거복지시설,요셉의집,서울특별시 도봉구 시루봉로15라길69,,
강남구,자곡동,노인주거복지시설,서울시니어스타워(주)강남본부,서울특별시 강남구 자곡로 100-2,,
용산구,한강로2가,노인주거복지시설,하이원빌리지,서울특별시 용산구 한강대로40가길 24103호,,
중구,신당동,노인주거복지시설,서울시니어스타워(주) 서울본부,서울특별시 중구 다산로 72,,
광진구,자양동,노인주거복지시설,THE CLASSIC 500,서울특별시 광진구 능동로 90,,
성북구,종암동,노인주거복지시설,노블레스타워,서울특별시 성북구 종암로 90,,
강남구,자곡동,노인주거복지시설,더시그넘하우스,서울특별시 강남구 자곡로 204-25,,
양천구,목동,노인주거복지시설,실버하우스 늘봄,서울특별시 양천구 목동중앙남로3길 42,,
서초구,방배동,노인주거복지시설,국가복지정보 노인시설,서울특별시 서초구 방배로20길 4,,
강남구,논현동,노인일자리지원기관,서울강남시니어클럽,서울특별시 강남구 학동로43길 17 논현2문화센터 (논현동),37.5172292,127.0371629
동작구,노량진동,노인일자리지원기관,동작50플러스센터,서울특별시 동작구 노량진로 140 2층 동작50플러스센터 (노량진동),37.512952,126.941571
관악구,봉천동,노인일자리지원기관,관악시니어클럽,서울특별시 관악구 남부순환로247다길 60 (봉천동),37.4786268,126.9641201
도봉구,방학동,노인일자리지원기관,도봉시니어클럽,서울특별시 도봉구 도당로 118 3층 301호 (방학동 거성학마을아파트상가),37.6665669,127.039578
송파구,송파동,노인일자리지원기관,송파시니어클럽,서울특별시 송파구 백제고분로42길 5 4층(송파동 송파여성문화회관),37.5059596,127.1096409
강동구,길동,노인일자리지원기관,강동시니어클럽,서울특별시 강동구 천중로 213 2층 (길동)(길동),37.5431512,127.1344386
영등포구,영등포동8가,노인일자리지원기관,영등포시니어클럽,서울특별시 영등포구 영중로 119 109호 (영등포동8가),37.5267921,126.9047058
성북구,안암동5가,노인일자리지원기관,성북시니어클럽,서울특별시 성북구 안암로 79,37.5833283,127.0297282
서대문구,남가좌동,노인일자리지원기관,서대문시니어클럽,서울특별시 서대문구 모래내로13길 13 2층 (남가좌동),37.5694965,126.9167024
양천구,신정동,노인일자리지원기관,양천시니어클럽,서울특별시 양천구 신목로46 1층 (신정동),37.5193538,126.8731695
광진구,자양동,노인일자리지원기관,광진시니어클럽,서울특별시 광진구 자양번영로7길 16-9 (자양동),37.5362083,127.0754282
노원구,상계동,노인일자리지원기관,노원시니어클럽,서울특별시 노원구 동일로239다길 19 (상계동),37.6759551,127.0509893
금천구,가산동,노인일자리지원기관,금천시니어클럽,서울특별시 금천구 두산로3길 49 2층 (가산동),37.4708401,126.8882906
동대문구,휘경동,노인일자리지원기관,동대문시니어클럽,서울특별시 동대문구 망우로20가길 34-6 3층 (휘경동),37.5892778,127.0645418
구로구,오류동,노인일자리지원기관,구로시니어클럽,서울특별시 구로구 경인로20가길 38 3층 (오류동),37.4952997,126.8461672
종로구,숭인동,노인일자리지원기관,종로시니어클럽,서울특별시 종로구 숭인동2길 28(숭인동),37.5782609,127.0202343
은평구,응암동,노인일자리지원기관,은평시니어클럽,서울특별시 은평구 응암로21길 10,37.5941316,126.9169048
마포구,합정동,노인일자리지원기관,우리마포시니어클럽,서울특별시 마포구 동교로8길 58(합정동),37.5504174,126.9054804
